# file...... house1.csv,,,,,,,,,,,,,,,,,,,
# date...... Wed Aug 31 11:24:44 2016,,,,,,,,,,,,,,,,,,,
# user...... fathima,,,,,,,,,,,,,,,,,,,
# host...... (null),,,,,,,,,,,,,,,,,,,
# target.... controller 76,,,,,,,,,,,,,,,,,,,
# trigger... (none),,,,,,,,,,,,,,,,,,,
# interval.. 60,,,,,,,,,,,,,,,,,,,
# limit..... -2147483648,,,,No prediction,,,,,With prediction,,,,,,,,,,
# timestamp,bid_price,bid_quantity,house11:power_state,house11:air_temperature,house11:system_mode,house11:hvac_load,house11:outdoor_temperature,,Case 1,Case 2,Case 3,Case 4,Case 5,,Diff 1,Diff 2,Diff 3,Diff 4,Diff 5
2000-08-09 00:00:00 PDT,0,0,OFF,70,OFF,0,57.922,,70,70,70,70,70,,0,0,0,0,0
2000-08-09 00:01:00 PDT,0,0,OFF,69.8515,OFF,0,57.8996,,69.8515,69.8515,69.8515,69.8515,69.8515,,0,0,0,0,0
2000-08-09 00:02:00 PDT,0,0,OFF,69.7255,OFF,0,57.8775,,69.7255,69.7255,69.7255,69.7255,69.7255,,0,0,0,0,0
2000-08-09 00:03:00 PDT,0,0,OFF,69.6179,OFF,0,57.8556,,69.6179,69.6179,69.6179,69.6179,69.6179,,0,0,0,0,0
2000-08-09 00:04:00 PDT,0,0,OFF,69.5253,OFF,0,57.834,,69.5253,69.5253,69.5253,69.5253,69.5253,,0,0,0,0,0
2000-08-09 00:05:00 PDT,0,0,OFF,69.4449,OFF,0,57.8126,,69.4449,69.4449,69.4449,69.4449,69.4449,,0,0,0,0,0
2000-08-09 00:06:00 PDT,0,0,OFF,69.3746,OFF,0,57.7915,,69.3746,69.3746,69.3746,69.3746,69.3746,,0,0,0,0,0
2000-08-09 00:07:00 PDT,0,0,OFF,69.3123,OFF,0,57.7706,,69.3123,69.3123,69.3123,69.3123,69.3123,,0,0,0,0,0
2000-08-09 00:08:00 PDT,0,0,OFF,69.2567,OFF,0,57.75,,69.2567,69.2567,69.2567,69.2567,69.2567,,0,0,0,0,0
2000-08-09 00:09:00 PDT,0,0,OFF,69.2066,OFF,0,57.7296,,69.2066,69.2066,69.2066,69.2066,69.2066,,0,0,0,0,0
2000-08-09 00:10:00 PDT,0,0,OFF,69.1609,OFF,0,57.7095,,69.1609,69.1609,69.1609,69.1609,69.1609,,0,0,0,0,0
2000-08-09 00:11:00 PDT,0,0,OFF,69.1188,OFF,0,57.6896,,69.1188,69.1188,69.1188,69.1188,69.1188,,0,0,0,0,0
2000-08-09 00:12:00 PDT,0,0,OFF,69.0796,OFF,0,57.67,,69.0796,69.0796,69.0796,69.0796,69.0796,,0,0,0,0,0
2000-08-09 00:13:00 PDT,0,0,OFF,69.0429,OFF,0,57.6506,,69.0429,69.0429,69.0429,69.0429,69.0429,,0,0,0,0,0
2000-08-09 00:14:00 PDT,0,0,OFF,69.0082,OFF,0,57.6315,,69.0082,69.0082,69.0082,69.0082,69.0082,,0,0,0,0,0
2000-08-09 00:15:00 PDT,0,0,OFF,68.975,OFF,0,57.6126,,68.975,68.975,68.975,68.975,68.975,,0,0,0,0,0
2000-08-09 00:16:00 PDT,0,0,OFF,68.9433,OFF,0,57.594,,68.9433,68.9433,68.9433,68.9433,68.9433,,0,0,0,0,0
2000-08-09 00:17:00 PDT,0,0,OFF,68.9126,OFF,0,57.5756,,68.9126,68.9126,68.9126,68.9126,68.9126,,0,0,0,0,0
2000-08-09 00:18:00 PDT,0,0,OFF,68.8798,OFF,0,57.5575,,68.8798,68.8798,68.8798,68.8798,68.8798,,0,0,0,0,0
2000-08-09 00:19:00 PDT,0,0,OFF,68.848,OFF,0,57.5396,,68.848,68.848,68.848,68.848,68.848,,0,0,0,0,0
2000-08-09 00:20:00 PDT,0,0,OFF,68.8172,OFF,0,57.522,,68.8172,68.8172,68.8172,68.8172,68.8172,,0,0,0,0,0
2000-08-09 00:21:00 PDT,0,0,OFF,68.7871,OFF,0,57.5046,,68.7871,68.7871,68.7871,68.7871,68.7871,,0,0,0,0,0
2000-08-09 00:22:00 PDT,0,0,OFF,68.7576,OFF,0,57.4875,,68.7576,68.7576,68.7576,68.7576,68.7576,,0,0,0,0,0
2000-08-09 00:23:00 PDT,0,0,OFF,68.7286,OFF,0,57.4706,,68.7286,68.7286,68.7286,68.7286,68.7286,,0,0,0,0,0
2000-08-09 00:24:00 PDT,0,0,OFF,68.7,OFF,0,57.454,,68.7,68.7,68.7,68.7,68.7,,0,0,0,0,0
2000-08-09 00:25:00 PDT,0,0,OFF,68.6718,OFF,0,57.4376,,68.6718,68.6718,68.6718,68.6718,68.6718,,0,0,0,0,0
2000-08-09 00:26:00 PDT,0,0,OFF,68.6439,OFF,0,57.4215,,68.6439,68.6439,68.6439,68.6439,68.6439,,0,0,0,0,0
2000-08-09 00:27:00 PDT,0,0,OFF,68.6162,OFF,0,57.4056,,68.6162,68.6162,68.6162,68.6162,68.6162,,0,0,0,0,0
2000-08-09 00:28:00 PDT,0,0,OFF,68.5888,OFF,0,57.39,,68.5888,68.5888,68.5888,68.5888,68.5888,,0,0,0,0,0
2000-08-09 00:29:00 PDT,0,0,OFF,68.5615,OFF,0,57.3746,,68.5615,68.5615,68.5615,68.5615,68.5615,,0,0,0,0,0
2000-08-09 00:30:00 PDT,0,0,OFF,68.5343,OFF,0,57.3595,,68.5343,68.5343,68.5343,68.5343,68.5343,,0,0,0,0,0
2000-08-09 00:31:00 PDT,0,0,OFF,68.5073,OFF,0,57.3446,,68.5073,68.5073,68.5073,68.5073,68.5073,,0,0,0,0,0
2000-08-09 00:32:00 PDT,0,0,OFF,68.4805,OFF,0,57.33,,68.4805,68.4805,68.4805,68.4805,68.4805,,0,0,0,0,0
2000-08-09 00:33:00 PDT,0,0,OFF,68.4537,OFF,0,57.3156,,68.4537,68.4537,68.4537,68.4537,68.4537,,0,0,0,0,0
2000-08-09 00:34:00 PDT,0,0,OFF,68.427,OFF,0,57.3015,,68.427,68.427,68.427,68.427,68.427,,0,0,0,0,0
2000-08-09 00:35:00 PDT,0,0,OFF,68.4005,OFF,0,57.2876,,68.4005,68.4005,68.4005,68.4005,68.4005,,0,0,0,0,0
2000-08-09 00:36:00 PDT,0,0,OFF,68.374,OFF,0,57.274,,68.374,68.374,68.374,68.374,68.374,,0,0,0,0,0
2000-08-09 00:37:00 PDT,0,0,OFF,68.3475,OFF,0,57.2606,,68.3475,68.3475,68.3475,68.3475,68.3475,,0,0,0,0,0
2000-08-09 00:38:00 PDT,0,0,OFF,68.3212,OFF,0,57.2475,,68.3212,68.3212,68.3212,68.3212,68.3212,,0,0,0,0,0
2000-08-09 00:39:00 PDT,0,0,OFF,68.2949,OFF,0,57.2346,,68.2949,68.2949,68.2949,68.2949,68.2949,,0,0,0,0,0
2000-08-09 00:40:00 PDT,0,0,OFF,68.2687,OFF,0,57.222,,68.2687,68.2687,68.2687,68.2687,68.2687,,0,0,0,0,0
2000-08-09 00:41:00 PDT,0,0,OFF,68.2426,OFF,0,57.2096,,68.2426,68.2426,68.2426,68.2426,68.2426,,0,0,0,0,0
2000-08-09 00:42:00 PDT,0,0,OFF,68.2165,OFF,0,57.1975,,68.2165,68.2165,68.2165,68.2165,68.2165,,0,0,0,0,0
2000-08-09 00:43:00 PDT,0,0,OFF,68.1904,OFF,0,57.1856,,68.1904,68.1904,68.1904,68.1904,68.1904,,0,0,0,0,0
2000-08-09 00:44:00 PDT,0,0,OFF,68.1645,OFF,0,57.174,,68.1645,68.1645,68.1645,68.1645,68.1645,,0,0,0,0,0
2000-08-09 00:45:00 PDT,0,0,OFF,68.1386,OFF,0,57.1626,,68.1386,68.1386,68.1386,68.1386,68.1386,,0,0,0,0,0
2000-08-09 00:46:00 PDT,0,0,OFF,68.1127,OFF,0,57.1515,,68.1127,68.1127,68.1127,68.1127,68.1127,,0,0,0,0,0
2000-08-09 00:47:00 PDT,0,0,OFF,68.0869,OFF,0,57.1406,,68.0869,68.0869,68.0869,68.0869,68.0869,,0,0,0,0,0
2000-08-09 00:48:00 PDT,0,0,OFF,68.0612,OFF,0,57.13,,68.0612,68.0612,68.0612,68.0612,68.0612,,0,0,0,0,0
2000-08-09 00:49:00 PDT,0,0,OFF,68.0355,OFF,0,57.1196,,68.0355,68.0355,68.0355,68.0355,68.0355,,0,0,0,0,0
2000-08-09 00:50:00 PDT,0,0,OFF,68.0099,OFF,0,57.1095,,68.0099,68.0099,68.0099,68.0099,68.0099,,0,0,0,0,0
2000-08-09 00:51:00 PDT,0,0,OFF,67.9843,OFF,0,57.0996,,67.9843,67.9843,67.9843,67.9843,67.9843,,0,0,0,0,0
2000-08-09 00:52:00 PDT,0,0,OFF,67.9589,OFF,0,57.09,,67.9589,67.9589,67.9589,67.9589,67.9589,,0,0,0,0,0
2000-08-09 00:53:00 PDT,0,0,OFF,67.9334,OFF,0,57.0806,,67.9334,67.9334,67.9334,67.9334,67.9334,,0,0,0,0,0
2000-08-09 00:54:00 PDT,0,0,OFF,67.908,OFF,0,57.0715,,67.908,67.908,67.908,67.908,67.908,,0,0,0,0,0
2000-08-09 00:55:00 PDT,0,0,OFF,67.8827,OFF,0,57.0626,,67.8827,67.8827,67.8827,67.8827,67.8827,,0,0,0,0,0
2000-08-09 00:56:00 PDT,0,0,OFF,67.8575,OFF,0,57.054,,67.8575,67.8575,67.8575,67.8575,67.8575,,0,0,0,0,0
2000-08-09 00:57:00 PDT,0,0,OFF,67.8323,OFF,0,57.0456,,67.8323,67.8323,67.8323,67.8323,67.8323,,0,0,0,0,0
2000-08-09 00:58:00 PDT,0,0,OFF,67.8071,OFF,0,57.0375,,67.8071,67.8071,67.8071,67.8071,67.8071,,0,0,0,0,0
2000-08-09 00:59:00 PDT,0,0,OFF,67.7821,OFF,0,57.0296,,67.7821,67.7821,67.7821,67.7821,67.7821,,0,0,0,0,0
2000-08-09 01:00:00 PDT,0,0,OFF,67.7571,OFF,0,57.022,,67.7571,67.7571,67.7571,67.7571,67.7571,,0,0,0,0,0
2000-08-09 01:01:00 PDT,0,0,OFF,67.7321,OFF,0,57.0308,,67.7321,67.7321,67.7321,67.7321,67.7321,,0,0,0,0,0
2000-08-09 01:02:00 PDT,0,0,OFF,67.7074,OFF,0,57.0394,,67.7074,67.7074,67.7074,67.7074,67.7074,,0,0,0,0,0
2000-08-09 01:03:00 PDT,0,0,OFF,67.683,OFF,0,57.0476,,67.683,67.683,67.683,67.683,67.683,,0,0,0,0,0
2000-08-09 01:04:00 PDT,0,0,OFF,67.6588,OFF,0,57.0556,,67.6588,67.6588,67.6588,67.6588,67.6588,,0,0,0,0,0
2000-08-09 01:05:00 PDT,0,0,OFF,67.6348,OFF,0,57.0632,,67.6348,67.6348,67.6348,67.6348,67.6348,,0,0,0,0,0
2000-08-09 01:06:00 PDT,0,0,OFF,67.6109,OFF,0,57.0706,,67.6109,67.6109,67.6109,67.6109,67.6109,,0,0,0,0,0
2000-08-09 01:07:00 PDT,0,0,OFF,67.5872,OFF,0,57.0776,,67.5872,67.5872,67.5872,67.5872,67.5872,,0,0,0,0,0
2000-08-09 01:08:00 PDT,0,0,OFF,67.5636,OFF,0,57.0844,,67.5636,67.5636,67.5636,67.5636,67.5636,,0,0,0,0,0
2000-08-09 01:09:00 PDT,0,0,OFF,67.5401,OFF,0,57.0908,,67.5401,67.5401,67.5401,67.5401,67.5401,,0,0,0,0,0
2000-08-09 01:10:00 PDT,0,0,OFF,67.5168,OFF,0,57.097,,67.5168,67.5168,67.5168,67.5168,67.5168,,0,0,0,0,0
2000-08-09 01:11:00 PDT,0,0,OFF,67.4935,OFF,0,57.1028,,67.4935,67.4935,67.4935,67.4935,67.4935,,0,0,0,0,0
2000-08-09 01:12:00 PDT,0,0,OFF,67.4703,OFF,0,57.1084,,67.4703,67.4703,67.4703,67.4703,67.4703,,0,0,0,0,0
2000-08-09 01:13:00 PDT,0,0,OFF,67.4472,OFF,0,57.1136,,67.4472,67.4472,67.4472,67.4472,67.4472,,0,0,0,0,0
2000-08-09 01:14:00 PDT,0,0,OFF,67.4242,OFF,0,57.1186,,67.4242,67.4242,67.4242,67.4242,67.4242,,0,0,0,0,0
2000-08-09 01:15:00 PDT,-5.69684,0,OFF,67.4012,OFF,0,57.1232,,67.4012,67.4012,67.4012,67.4012,67.4012,,0,0,0,0,0
2000-08-09 01:16:00 PDT,-5.69684,0,OFF,67.3784,OFF,0,57.1276,,67.3784,67.3784,67.3784,67.3784,67.3784,,0,0,0,0,0
2000-08-09 01:17:00 PDT,-5.69684,0,OFF,67.3556,OFF,0,57.1316,,67.3556,67.3556,67.3556,67.3556,67.3556,,0,0,0,0,0
2000-08-09 01:18:00 PDT,-5.69684,0,OFF,67.3317,OFF,0,57.1354,,67.3317,67.3317,67.3317,67.3317,67.3317,,0,0,0,0,0
2000-08-09 01:19:00 PDT,-5.69684,0,OFF,67.3081,OFF,0,57.1388,,67.3081,67.3081,67.3081,67.3081,67.3081,,0,0,0,0,0
2000-08-09 01:20:00 PDT,-5.69684,0,OFF,67.2846,OFF,0,57.142,,67.2846,67.2846,67.2846,67.2846,67.2846,,0,0,0,0,0
2000-08-09 01:21:00 PDT,-5.69684,0,OFF,67.2612,OFF,0,57.1448,,67.2612,67.2612,67.2612,67.2612,67.2612,,0,0,0,0,0
2000-08-09 01:22:00 PDT,-5.69684,0,OFF,67.238,OFF,0,57.1474,,67.238,67.238,67.238,67.238,67.238,,0,0,0,0,0
2000-08-09 01:23:00 PDT,-5.69684,0,OFF,67.2149,OFF,0,57.1496,,67.2149,67.2149,67.2149,67.2149,67.2149,,0,0,0,0,0
2000-08-09 01:24:00 PDT,-5.69684,0,OFF,67.1919,OFF,0,57.1516,,67.1919,67.1919,67.1919,67.1919,67.1919,,0,0,0,0,0
2000-08-09 01:25:00 PDT,-5.69684,0,OFF,67.1689,OFF,0,57.1532,,67.1689,67.1689,67.1689,67.1689,67.1689,,0,0,0,0,0
2000-08-09 01:26:00 PDT,-5.69684,0,OFF,67.1461,OFF,0,57.1546,,67.1461,67.1461,67.1461,67.1461,67.1461,,0,0,0,0,0
2000-08-09 01:27:00 PDT,-5.69684,0,OFF,67.1233,OFF,0,57.1556,,67.1233,67.1233,67.1233,67.1233,67.1233,,0,0,0,0,0
2000-08-09 01:28:00 PDT,-5.69684,0,OFF,67.1006,OFF,0,57.1564,,67.1006,67.1006,67.1006,67.1006,67.1006,,0,0,0,0,0
2000-08-09 01:29:00 PDT,-5.69684,0,OFF,67.078,OFF,0,57.1568,,67.078,67.078,67.078,67.078,67.078,,0,0,0,0,0
2000-08-09 01:30:00 PDT,-4.25571,0,OFF,67.0554,OFF,0,57.157,,67.0554,67.0554,67.0554,67.0554,67.0554,,0,0,0,0,0
2000-08-09 01:31:00 PDT,-4.25571,0,OFF,67.0328,OFF,0,57.1568,,67.0328,67.0328,67.0328,67.0328,67.0328,,0,0,0,0,0
2000-08-09 01:32:00 PDT,-4.25571,0,OFF,67.0104,OFF,0,57.1564,,67.0104,67.0104,67.0104,67.0104,67.0104,,0,0,0,0,0
2000-08-09 01:33:00 PDT,-4.25571,0,OFF,66.9879,OFF,0,57.1556,,66.9879,66.9879,66.9879,66.9879,66.9879,,0,0,0,0,0
2000-08-09 01:34:00 PDT,-4.25571,0,OFF,66.9656,OFF,0,57.1546,,66.9656,66.9656,66.9656,66.9656,66.9656,,0,0,0,0,0
2000-08-09 01:35:00 PDT,-4.25571,0,OFF,66.9432,OFF,0,57.1532,,66.9432,66.9432,66.9432,66.9432,66.9432,,0,0,0,0,0
2000-08-09 01:36:00 PDT,-4.25571,0,OFF,66.921,OFF,0,57.1516,,66.921,66.921,66.921,66.921,66.921,,0,0,0,0,0
2000-08-09 01:37:00 PDT,-4.25571,0,OFF,66.8987,OFF,0,57.1496,,66.8987,66.8987,66.8987,66.8987,66.8987,,0,0,0,0,0
2000-08-09 01:38:00 PDT,-4.25571,0,OFF,66.8765,OFF,0,57.1474,,66.8765,66.8765,66.8765,66.8765,66.8765,,0,0,0,0,0
2000-08-09 01:39:00 PDT,-4.25571,0,OFF,66.8543,OFF,0,57.1448,,66.8543,66.8543,66.8543,66.8543,66.8543,,0,0,0,0,0
2000-08-09 01:40:00 PDT,-4.25571,0,OFF,66.8322,OFF,0,57.142,,66.8322,66.8322,66.8322,66.8322,66.8322,,0,0,0,0,0
2000-08-09 01:41:00 PDT,-4.25571,0,OFF,66.8101,OFF,0,57.1388,,66.8101,66.8101,66.8101,66.8101,66.8101,,0,0,0,0,0
2000-08-09 01:42:00 PDT,-4.25571,0,OFF,66.7881,OFF,0,57.1354,,66.7881,66.7881,66.7881,66.7881,66.7881,,0,0,0,0,0
2000-08-09 01:43:00 PDT,-4.25571,0,OFF,66.7661,OFF,0,57.1316,,66.7661,66.7661,66.7661,66.7661,66.7661,,0,0,0,0,0
2000-08-09 01:44:00 PDT,-4.25571,0,OFF,66.7441,OFF,0,57.1276,,66.7441,66.7441,66.7441,66.7441,66.7441,,0,0,0,0,0
2000-08-09 01:45:00 PDT,-2.89159,0,OFF,66.7221,OFF,0,57.1232,,66.7221,66.7221,66.7221,66.7221,66.7221,,0,0,0,0,0
2000-08-09 01:46:00 PDT,-2.89159,0,OFF,66.7002,OFF,0,57.1186,,66.7002,66.7002,66.7002,66.7002,66.7002,,0,0,0,0,0
2000-08-09 01:47:00 PDT,-2.89159,0,OFF,66.6783,OFF,0,57.1136,,66.6783,66.6783,66.6783,66.6783,66.6783,,0,0,0,0,0
2000-08-09 01:48:00 PDT,-2.89159,0,OFF,66.6564,OFF,0,57.1084,,66.6564,66.6564,66.6564,66.6564,66.6564,,0,0,0,0,0
2000-08-09 01:49:00 PDT,-2.89159,0,OFF,66.6346,OFF,0,57.1028,,66.6346,66.6346,66.6346,66.6346,66.6346,,0,0,0,0,0
2000-08-09 01:50:00 PDT,-2.89159,0,OFF,66.6128,OFF,0,57.097,,66.6128,66.6128,66.6128,66.6128,66.6128,,0,0,0,0,0
2000-08-09 01:51:00 PDT,-2.89159,0,OFF,66.591,OFF,0,57.0908,,66.591,66.591,66.591,66.591,66.591,,0,0,0,0,0
2000-08-09 01:52:00 PDT,-2.89159,0,OFF,66.5693,OFF,0,57.0844,,66.5693,66.5693,66.5693,66.5693,66.5693,,0,0,0,0,0
2000-08-09 01:53:00 PDT,-2.89159,0,OFF,66.5475,OFF,0,57.0776,,66.5475,66.5475,66.5475,66.5475,66.5475,,0,0,0,0,0
2000-08-09 01:54:00 PDT,-2.89159,0,OFF,66.5258,OFF,0,57.0706,,66.5258,66.5258,66.5258,66.5258,66.5258,,0,0,0,0,0
2000-08-09 01:55:00 PDT,-2.89159,0,OFF,66.5042,OFF,0,57.0632,,66.5042,66.5042,66.5042,66.5042,66.5042,,0,0,0,0,0
2000-08-09 01:56:00 PDT,-2.89159,0,OFF,66.4825,OFF,0,57.0556,,66.4825,66.4825,66.4825,66.4825,66.4825,,0,0,0,0,0
2000-08-09 01:57:00 PDT,-2.89159,0,OFF,66.4609,OFF,0,57.0476,,66.4609,66.4609,66.4609,66.4609,66.4609,,0,0,0,0,0
2000-08-09 01:58:00 PDT,-2.89159,0,OFF,66.4392,OFF,0,57.0394,,66.4392,66.4392,66.4392,66.4392,66.4392,,0,0,0,0,0
2000-08-09 01:59:00 PDT,-2.89159,0,OFF,66.4176,OFF,0,57.0308,,66.4176,66.4176,66.4176,66.4176,66.4176,,0,0,0,0,0
2000-08-09 02:00:00 PDT,-1.53373,0,OFF,66.3961,OFF,0,57.022,,66.3961,66.3961,66.3961,66.3961,66.3961,,0,0,0,0,0
2000-08-09 02:01:00 PDT,-1.53373,0,OFF,66.3745,OFF,0,56.9863,,66.3745,66.3745,66.3745,66.3745,66.3745,,0,0,0,0,0
2000-08-09 02:02:00 PDT,-1.53373,0,OFF,66.3526,OFF,0,56.9512,,66.3526,66.3526,66.3526,66.3526,66.3526,,0,0,0,0,0
2000-08-09 02:03:00 PDT,-1.53373,0,OFF,66.3304,OFF,0,56.9167,,66.3304,66.3304,66.3304,66.3304,66.3304,,0,0,0,0,0
2000-08-09 02:04:00 PDT,-1.53373,0,OFF,66.308,OFF,0,56.8828,,66.308,66.308,66.308,66.308,66.308,,0,0,0,0,0
2000-08-09 02:05:00 PDT,-1.53373,0,OFF,66.2854,OFF,0,56.8495,,66.2854,66.2854,66.2854,66.2854,66.2854,,0,0,0,0,0
2000-08-09 02:06:00 PDT,-1.53373,0,OFF,66.2627,OFF,0,56.8168,,66.2627,66.2627,66.2627,66.2627,66.2627,,0,0,0,0,0
2000-08-09 02:07:00 PDT,-1.53373,0,OFF,66.2398,OFF,0,56.7847,,66.2398,66.2398,66.2398,66.2398,66.2398,,0,0,0,0,0
2000-08-09 02:08:00 PDT,-1.53373,0,OFF,66.2169,OFF,0,56.7532,,66.2169,66.2169,66.2169,66.2169,66.2169,,0,0,0,0,0
2000-08-09 02:09:00 PDT,-1.53373,0,OFF,66.1938,OFF,0,56.7223,,66.1938,66.1938,66.1938,66.1938,66.1938,,0,0,0,0,0
2000-08-09 02:10:00 PDT,-1.53373,0,OFF,66.1708,OFF,0,56.692,,66.1708,66.1708,66.1708,66.1708,66.1708,,0,0,0,0,0
2000-08-09 02:11:00 PDT,-1.53373,0,OFF,66.1477,OFF,0,56.6623,,66.1477,66.1477,66.1477,66.1477,66.1477,,0,0,0,0,0
2000-08-09 02:12:00 PDT,-1.53373,0,OFF,66.1245,OFF,0,56.6332,,66.1245,66.1245,66.1245,66.1245,66.1245,,0,0,0,0,0
2000-08-09 02:13:00 PDT,-1.53373,0,OFF,66.1014,OFF,0,56.6047,,66.1014,66.1014,66.1014,66.1014,66.1014,,0,0,0,0,0
2000-08-09 02:14:00 PDT,-1.53373,0,OFF,66.0782,OFF,0,56.5768,,66.0782,66.0782,66.0782,66.0782,66.0782,,0,0,0,0,0
2000-08-09 02:15:00 PDT,-0.113008,0,OFF,66.0551,OFF,0,56.5495,,66.0551,66.0551,66.0551,66.0551,66.0551,,0,0,0,0,0
2000-08-09 02:16:00 PDT,-0.113008,0,OFF,66.0319,OFF,0,56.5228,,66.0319,66.0319,66.0319,66.0319,66.0319,,0,0,0,0,0
2000-08-09 02:17:00 PDT,-0.113008,0,OFF,66.0088,OFF,0,56.4967,,66.0088,66.0088,66.0088,66.0088,66.0088,,0,0,0,0,0
2000-08-09 02:18:00 PDT,-0.113008,0,OFF,65.9851,OFF,0,56.4712,,65.9851,65.9851,65.9851,65.9851,65.9851,,0,0,0,0,0
2000-08-09 02:19:00 PDT,-0.113008,0,OFF,65.9615,OFF,0,56.4463,,65.9615,65.9615,65.9615,65.9615,65.9615,,0,0,0,0,0
2000-08-09 02:20:00 PDT,-0.113008,0,OFF,65.938,OFF,0,56.422,,65.938,65.938,65.938,65.938,65.938,,0,0,0,0,0
2000-08-09 02:21:00 PDT,-0.113008,0,OFF,65.9145,OFF,0,56.3983,,65.9145,65.9145,65.9145,65.9145,65.9145,,0,0,0,0,0
2000-08-09 02:22:00 PDT,-0.113008,0,OFF,65.8911,OFF,0,56.3752,,65.8911,65.8911,65.8911,65.8911,65.8911,,0,0,0,0,0
2000-08-09 02:23:00 PDT,-0.113008,0,OFF,65.8678,OFF,0,56.3527,,65.8678,65.8678,65.8678,65.8678,65.8678,,0,0,0,0,0
2000-08-09 02:24:00 PDT,-0.113008,0,OFF,65.8445,OFF,0,56.3308,,65.8445,65.8445,65.8445,65.8445,65.8445,,0,0,0,0,0
2000-08-09 02:25:00 PDT,-0.113008,0,OFF,65.8213,OFF,0,56.3095,,65.8213,65.8213,65.8213,65.8213,65.8213,,0,0,0,0,0
2000-08-09 02:26:00 PDT,-0.113008,0,OFF,65.7981,OFF,0,56.2888,,65.7981,65.7981,65.7981,65.7981,65.7981,,0,0,0,0,0
2000-08-09 02:27:00 PDT,-0.113008,0,OFF,65.775,OFF,0,56.2687,,65.775,65.775,65.775,65.775,65.775,,0,0,0,0,0
2000-08-09 02:28:00 PDT,-0.113008,0,OFF,65.7519,OFF,0,56.2492,,65.7519,65.7519,65.7519,65.7519,65.7519,,0,0,0,0,0
2000-08-09 02:29:00 PDT,-0.113008,0,OFF,65.7289,OFF,0,56.2303,,65.7289,65.7289,65.7289,65.7289,65.7289,,0,0,0,0,0
2000-08-09 02:30:00 PDT,0.825642,0,OFF,65.706,OFF,0,56.212,,65.706,65.706,65.706,65.706,65.706,,0,0,0,0,0
2000-08-09 02:31:00 PDT,0.825642,0,OFF,65.683,OFF,0,56.1943,,65.683,65.683,65.683,65.683,65.683,,0,0,0,0,0
2000-08-09 02:32:00 PDT,0.825642,0,OFF,65.6602,OFF,0,56.1772,,65.6602,65.6602,65.6602,65.6602,65.6602,,0,0,0,0,0
2000-08-09 02:33:00 PDT,0.825642,0,OFF,65.6374,OFF,0,56.1607,,65.6374,65.6374,65.6374,65.6374,65.6374,,0,0,0,0,0
2000-08-09 02:34:00 PDT,0.825642,0,OFF,65.6146,OFF,0,56.1448,,65.6146,65.6146,65.6146,65.6146,65.6146,,0,0,0,0,0
2000-08-09 02:35:00 PDT,0.825642,0,OFF,65.5919,OFF,0,56.1295,,65.5919,65.5919,65.5919,65.5919,65.5919,,0,0,0,0,0
2000-08-09 02:36:00 PDT,1.16729,6.16037,ON,65.5693,HEAT,6.16037,56.1148,,65.5693,65.5693,65.5693,65.5693,65.5693,,0,0,0,0,0
2000-08-09 02:37:00 PDT,1.16729,6.16037,ON,66.7421,HEAT,6.15864,56.1007,,65.5467,65.5467,65.5467,66.7421,65.5467,,1.1954,1.1954,1.1954,0,1.1954
2000-08-09 02:38:00 PDT,0,0,OFF,67.7352,OFF,0,56.0872,,65.5242,65.5242,65.5242,67.7352,65.5242,,2.211,2.211,2.211,0,2.211
2000-08-09 02:39:00 PDT,0,0,OFF,67.3872,OFF,0,56.0743,,65.5017,65.5017,65.5017,67.3872,65.5017,,1.8855,1.8855,1.8855,0,1.8855
2000-08-09 02:40:00 PDT,0,0,OFF,67.099,OFF,0,56.062,,65.4793,65.4793,65.4793,67.099,65.4793,,1.6197,1.6197,1.6197,0,1.6197
2000-08-09 02:41:00 PDT,0,0,OFF,66.8598,OFF,0,56.0503,,65.457,65.457,65.457,66.8598,65.457,,1.4028,1.4028,1.4028,0,1.4028
2000-08-09 02:42:00 PDT,0,0,OFF,66.6603,OFF,0,56.0392,,65.4347,65.4347,65.4347,66.6603,65.4347,,1.2256,1.2256,1.2256,0,1.2256
2000-08-09 02:43:00 PDT,0,0,OFF,66.4935,OFF,0,56.0287,,65.4125,65.4125,65.4125,66.4935,65.4125,,1.081,1.081,1.081,0,1.081
2000-08-09 02:44:00 PDT,0,0,OFF,66.3531,OFF,0,56.0188,,65.3904,65.3904,65.3904,66.3531,65.3904,,0.9627,0.9627,0.9627,0,0.9627
2000-08-09 02:45:00 PDT,-0.886886,6.15864,OFF,66.2344,OFF,0,56.0095,,65.3684,65.3684,65.3684,66.2344,65.3684,,0.866,0.866,0.866,0,0.866
2000-08-09 02:46:00 PDT,-0.886886,6.15864,OFF,66.1334,OFF,0,56.0008,,65.3464,65.3464,65.3464,66.1334,65.3464,,0.787,0.787,0.787,0,0.787
2000-08-09 02:47:00 PDT,-0.886886,6.15864,OFF,66.0468,OFF,0,55.9927,,65.3244,65.3244,65.3244,66.0468,65.3244,,0.7224,0.7224,0.7224,0,0.7224
2000-08-09 02:48:00 PDT,-0.886886,6.15864,OFF,65.972,OFF,0,55.9852,,65.3026,65.3026,65.3026,65.972,65.3026,,0.6694,0.6694,0.6694,0,0.6694
2000-08-09 02:49:00 PDT,-0.886886,6.15864,OFF,65.9068,OFF,0,55.9783,,65.2808,65.2808,65.2808,65.9068,65.2808,,0.626,0.626,0.626,0,0.626
2000-08-09 02:50:00 PDT,-0.886886,6.15864,OFF,65.8495,OFF,0,55.972,,65.2591,65.2591,65.2591,65.8495,65.2591,,0.5904,0.5904,0.5904,0,0.5904
2000-08-09 02:51:00 PDT,-0.886886,6.15864,OFF,65.7986,OFF,0,55.9663,,65.2375,65.2375,65.2375,65.7986,65.2375,,0.5611,0.5611,0.5611,0,0.5611
2000-08-09 02:52:00 PDT,-0.886886,6.15864,OFF,65.753,OFF,0,55.9612,,65.216,65.216,65.216,65.753,65.216,,0.537,0.537,0.537,0,0.537
2000-08-09 02:53:00 PDT,-0.886886,6.15864,OFF,65.7116,OFF,0,55.9567,,65.1945,65.1945,65.1945,65.7116,65.1945,,0.5171,0.5171,0.5171,0,0.5171
2000-08-09 02:54:00 PDT,-0.886886,6.15864,OFF,65.6738,OFF,0,55.9528,,65.1731,65.1731,65.1731,65.6738,65.1731,,0.5007,0.5007,0.5007,0,0.5007
2000-08-09 02:55:00 PDT,-0.886886,6.15864,OFF,65.6389,OFF,0,55.9495,,65.1518,65.1518,65.1518,65.6389,65.1518,,0.4871,0.4871,0.4871,0,0.4871
2000-08-09 02:56:00 PDT,-0.886886,6.15864,OFF,65.6064,OFF,0,55.9468,,65.1306,65.1306,65.1306,65.6064,65.1306,,0.4758,0.4758,0.4758,0,0.4758
2000-08-09 02:57:00 PDT,-0.886886,6.15864,OFF,65.5759,OFF,0,55.9447,,65.1095,65.1095,65.1095,65.5759,65.1095,,0.4664,0.4664,0.4664,0,0.4664
2000-08-09 02:58:00 PDT,-0.886886,6.15864,OFF,65.5469,OFF,0,55.9432,,65.0885,65.0885,65.0885,65.5469,65.0885,,0.4584,0.4584,0.4584,0,0.4584
2000-08-09 02:59:00 PDT,-0.886886,6.15864,OFF,65.5193,OFF,0,55.9423,,65.0675,65.0675,65.0675,65.5193,65.0675,,0.4518,0.4518,0.4518,0,0.4518
2000-08-09 03:00:00 PDT,1.35784,6.15864,OFF,65.4928,OFF,0,55.942,,65.0467,65.0467,65.0467,65.4928,65.0467,,0.4461,0.4461,0.4461,0,0.4461
2000-08-09 03:01:00 PDT,1.35784,6.15864,OFF,65.4672,OFF,0,55.9688,,65.0259,65.0259,65.0259,65.4672,65.0259,,0.4413,0.4413,0.4413,0,0.4413
2000-08-09 03:02:00 PDT,1.35784,6.15864,OFF,65.4427,OFF,0,55.9954,,65.0056,65.0056,65.0056,65.4427,65.0056,,0.4371,0.4371,0.4371,0,0.4371
2000-08-09 03:03:00 PDT,1.35784,6.15864,OFF,65.4192,OFF,0,56.0216,,64.9857,64.9857,64.9857,65.4192,64.9857,,0.4335,0.4335,0.4335,0,0.4335
2000-08-09 03:04:00 PDT,1.35784,6.15864,OFF,65.3965,OFF,0,56.0476,,64.9661,64.9661,64.9661,65.3965,64.9661,,0.4304,0.4304,0.4304,0,0.4304
2000-08-09 03:05:00 PDT,1.35784,6.15864,OFF,65.3744,OFF,0,56.0732,,64.9468,64.9468,64.9468,65.3744,64.9468,,0.4276,0.4276,0.4276,0,0.4276
2000-08-09 03:06:00 PDT,1.35784,6.15864,OFF,65.3529,OFF,0,56.0986,,64.9278,64.9278,64.9278,65.3529,64.9278,,0.4251,0.4251,0.4251,0,0.4251
2000-08-09 03:07:00 PDT,1.35784,6.15864,OFF,65.3319,OFF,0,56.1236,,64.909,64.909,64.909,65.3319,64.909,,0.4229,0.4229,0.4229,0,0.4229
2000-08-09 03:08:00 PDT,1.35784,6.15864,OFF,65.3112,OFF,0,56.1484,,64.8904,64.8904,64.8904,65.3112,64.8904,,0.4208,0.4208,0.4208,0,0.4208
2000-08-09 03:09:00 PDT,1.35784,6.15864,OFF,65.291,OFF,0,56.1728,,64.8719,64.8719,64.8719,65.291,64.8719,,0.4191,0.4191,0.4191,0,0.4191
2000-08-09 03:10:00 PDT,1.35784,6.15864,OFF,65.271,OFF,0,56.197,,64.8537,64.8537,64.8537,65.271,64.8537,,0.4173,0.4173,0.4173,0,0.4173
2000-08-09 03:11:00 PDT,1.35784,6.15864,OFF,65.2512,OFF,0,56.2208,,64.8356,64.8356,64.8356,65.2512,64.8356,,0.4156,0.4156,0.4156,0,0.4156
2000-08-09 03:12:00 PDT,1.35784,6.15864,OFF,65.2318,OFF,0,56.2444,,64.8176,64.8176,64.8176,65.2318,64.8176,,0.4142,0.4142,0.4142,0,0.4142
2000-08-09 03:13:00 PDT,1.35784,6.15864,OFF,65.2125,OFF,0,56.2676,,64.7998,64.7998,64.7998,65.2125,64.7998,,0.4127,0.4127,0.4127,0,0.4127
2000-08-09 03:14:00 PDT,1.35784,6.15864,OFF,65.1934,OFF,0,56.2906,,64.7821,64.7821,64.7821,65.1934,64.7821,,0.4113,0.4113,0.4113,0,0.4113
2000-08-09 03:15:00 PDT,2.15364,6.15864,OFF,65.1745,OFF,0,56.3132,,64.7645,64.7645,64.7645,65.1745,64.7645,,0.41,0.41,0.41,0,0.41
2000-08-09 03:16:00 PDT,2.15364,6.15864,OFF,65.1557,OFF,0,56.3356,,64.747,64.747,64.747,65.1557,64.747,,0.4087,0.4087,0.4087,0,0.4087
2000-08-09 03:17:00 PDT,2.15364,6.15864,OFF,65.1371,OFF,0,56.3576,,64.7297,64.7297,64.7297,65.1371,64.7297,,0.4074,0.4074,0.4074,0,0.4074
2000-08-09 03:18:00 PDT,2.15364,6.15864,OFF,65.1186,OFF,0,56.3794,,64.7124,64.7124,64.7124,65.1186,64.7124,,0.4062,0.4062,0.4062,0,0.4062
2000-08-09 03:19:00 PDT,2.15364,6.15864,OFF,65.1002,OFF,0,56.4008,,64.6953,64.6953,64.6953,65.1002,64.6953,,0.4049,0.4049,0.4049,0,0.4049
2000-08-09 03:20:00 PDT,2.15364,6.15864,OFF,65.0819,OFF,0,56.422,,64.6782,64.6782,64.6782,65.0819,64.6782,,0.4037,0.4037,0.4037,0,0.4037
2000-08-09 03:21:00 PDT,2.15364,6.15864,OFF,65.0638,OFF,0,56.4428,,64.6612,64.6612,64.6612,65.0638,64.6612,,0.4026,0.4026,0.4026,0,0.4026
2000-08-09 03:22:00 PDT,2.15364,6.15864,OFF,65.0458,OFF,0,56.4634,,64.6443,64.6443,64.6443,65.0458,64.6443,,0.4015,0.4015,0.4015,0,0.4015
2000-08-09 03:23:00 PDT,2.15364,6.15864,OFF,65.0278,OFF,0,56.4836,,64.6276,64.6276,64.6276,65.0278,64.6276,,0.4002,0.4002,0.4002,0,0.4002
2000-08-09 03:24:00 PDT,2.15364,6.15864,OFF,65.01,OFF,0,56.5036,,64.6109,64.6109,64.6109,65.01,64.6109,,0.3991,0.3991,0.3991,0,0.3991
2000-08-09 03:25:00 PDT,2.15364,6.15864,OFF,64.9923,OFF,0,56.5232,,64.5942,64.5942,64.5942,64.9923,64.5942,,0.3981,0.3981,0.3981,0,0.3981
2000-08-09 03:26:00 PDT,2.65329,6.19487,ON,64.9746,HEAT,6.19487,56.5426,,64.5777,64.5777,64.5777,64.9746,64.5777,,0.3969,0.3969,0.3969,0,0.3969
2000-08-09 03:27:00 PDT,2.65329,6.19487,ON,66.1631,HEAT,6.19387,56.5616,,64.5613,64.5613,64.5613,66.1631,64.5613,,1.6018,1.6018,1.6018,0,1.6018
2000-08-09 03:28:00 PDT,-4.7887,6.19387,OFF,67.1708,OFF,0,56.5804,,64.5449,64.5449,64.5449,67.1708,64.5449,,2.6259,2.6259,2.6259,0,2.6259
2000-08-09 03:29:00 PDT,-4.7887,6.19387,OFF,66.8249,OFF,0,56.5988,,64.5286,64.5286,64.5286,66.8249,64.5286,,2.2963,2.2963,2.2963,0,2.2963
2000-08-09 03:30:00 PDT,-2.15772,6.19387,OFF,66.5394,OFF,0,56.617,,64.5124,64.5124,64.5124,66.5394,64.5124,,2.027,2.027,2.027,0,2.027
2000-08-09 03:31:00 PDT,-2.15772,6.19387,OFF,66.3033,OFF,0,56.6348,,64.4963,64.4963,64.4963,66.3033,64.4963,,1.807,1.807,1.807,0,1.807
2000-08-09 03:32:00 PDT,-2.15772,6.19387,OFF,66.1073,OFF,0,56.6524,,64.4802,64.4802,64.4802,66.1073,64.4802,,1.6271,1.6271,1.6271,0,1.6271
2000-08-09 03:33:00 PDT,-2.15772,6.19387,OFF,65.9443,OFF,0,56.6696,,64.4643,64.4643,64.4643,65.9443,64.4643,,1.48,1.48,1.48,0,1.48
2000-08-09 03:34:00 PDT,-2.15772,6.19387,OFF,65.808,OFF,0,56.6866,,64.4484,64.4484,64.4484,65.808,64.4484,,1.3596,1.3596,1.3596,0,1.3596
2000-08-09 03:35:00 PDT,-2.15772,6.19387,OFF,65.6936,OFF,0,56.7032,,64.4325,64.4325,64.4325,65.6936,64.4325,,1.2611,1.2611,1.2611,0,1.2611
2000-08-09 03:36:00 PDT,-2.15772,6.19387,OFF,65.597,OFF,0,56.7196,,64.4168,64.4168,64.4168,65.597,64.4168,,1.1802,1.1802,1.1802,0,1.1802
2000-08-09 03:37:00 PDT,-2.15772,6.19387,OFF,65.515,OFF,0,56.7356,,64.4011,64.4011,64.4011,65.515,64.4011,,1.1139,1.1139,1.1139,0,1.1139
2000-08-09 03:38:00 PDT,-2.15772,6.19387,OFF,65.4449,OFF,0,56.7514,,64.3855,64.3855,64.3855,65.4449,64.3855,,1.0594,1.0594,1.0594,0,1.0594
2000-08-09 03:39:00 PDT,-2.15772,6.19387,OFF,65.3844,OFF,0,56.7668,,64.3699,64.3699,64.3699,65.3844,64.3699,,1.0145,1.0145,1.0145,0,1.0145
2000-08-09 03:40:00 PDT,-2.15772,6.19387,OFF,65.3319,OFF,0,56.782,,64.3544,64.3544,64.3544,65.3319,64.3544,,0.9775,0.9775,0.9775,0,0.9775
2000-08-09 03:41:00 PDT,-2.15772,6.19387,OFF,65.2859,OFF,0,56.7968,,64.339,64.339,64.339,65.2859,64.339,,0.9469,0.9469,0.9469,0,0.9469
2000-08-09 03:42:00 PDT,-2.15772,6.19387,OFF,65.2452,OFF,0,56.8114,,64.3237,64.3237,64.3237,65.2452,64.3237,,0.9215,0.9215,0.9215,0,0.9215
2000-08-09 03:43:00 PDT,-2.15772,6.19387,OFF,65.2089,OFF,0,56.8256,,64.3084,64.3084,64.3084,65.2089,64.3084,,0.9005,0.9005,0.9005,0,0.9005
2000-08-09 03:44:00 PDT,-2.15772,6.19387,OFF,65.176,OFF,0,56.8396,,64.2932,64.2932,64.2932,65.176,64.2932,,0.8828,0.8828,0.8828,0,0.8828
2000-08-09 03:45:00 PDT,2.22456,6.19387,OFF,65.1461,OFF,0,56.8532,,64.278,64.278,64.278,65.1461,64.278,,0.8681,0.8681,0.8681,0,0.8681
2000-08-09 03:46:00 PDT,2.22456,6.19387,OFF,65.1185,OFF,0,56.8666,,64.2629,64.2629,64.2629,65.1185,64.2629,,0.8556,0.8556,0.8556,0,0.8556
2000-08-09 03:47:00 PDT,2.22456,6.19387,OFF,65.0929,OFF,0,56.8796,,64.2479,64.2479,64.2479,65.0929,64.2479,,0.845,0.845,0.845,0,0.845
2000-08-09 03:48:00 PDT,2.22456,6.19387,OFF,65.0689,OFF,0,56.8924,,64.2329,64.2329,64.2329,65.0689,64.2329,,0.836,0.836,0.836,0,0.836
2000-08-09 03:49:00 PDT,2.22456,6.19387,OFF,65.0463,OFF,0,56.9048,,64.218,64.218,64.218,65.0463,64.218,,0.8283,0.8283,0.8283,0,0.8283
2000-08-09 03:50:00 PDT,2.22456,6.19387,OFF,65.0247,OFF,0,56.917,,64.2031,64.2031,64.2031,65.0247,64.2031,,0.8216,0.8216,0.8216,0,0.8216
2000-08-09 03:51:00 PDT,2.22456,6.19387,OFF,65.004,OFF,0,56.9288,,64.1883,64.1883,64.1883,65.004,64.1883,,0.8157,0.8157,0.8157,0,0.8157
2000-08-09 03:52:00 PDT,2.22456,6.19387,OFF,64.984,OFF,0,56.9404,,64.1736,64.1736,64.1736,64.984,64.1736,,0.8104,0.8104,0.8104,0,0.8104
2000-08-09 03:53:00 PDT,2.67811,6.23036,ON,64.9647,HEAT,6.23036,56.9516,,64.1589,64.1589,64.1589,64.9647,64.1589,,0.8058,0.8058,0.8058,0,0.8058
2000-08-09 03:54:00 PDT,2.67811,6.23036,ON,66.1627,HEAT,6.22882,56.9626,,64.1443,64.1443,64.1443,66.1627,64.1443,,2.0184,2.0184,2.0184,0,2.0184
2000-08-09 03:55:00 PDT,-4.82006,6.22882,OFF,67.1784,OFF,0,56.9732,,64.1297,64.1297,64.1297,67.1784,64.1297,,3.0487,3.0487,3.0487,0,3.0487
2000-08-09 03:56:00 PDT,-4.82006,6.22882,OFF,66.8289,OFF,0,56.9836,,64.1151,64.1151,64.1151,66.8289,64.1151,,2.7138,2.7138,2.7138,0,2.7138
2000-08-09 03:57:00 PDT,-4.82006,6.22882,OFF,66.5406,OFF,0,56.9936,,64.1006,64.1006,64.1006,66.5406,64.1006,,2.44,2.44,2.44,0,2.44
2000-08-09 03:58:00 PDT,-4.82006,6.22882,OFF,66.3022,OFF,0,57.0034,,64.0862,64.0862,64.0862,66.3022,64.0862,,2.216,2.216,2.216,0,2.216
2000-08-09 03:59:00 PDT,-4.82006,6.22882,OFF,66.1046,OFF,0,57.0128,,64.0718,64.0718,64.0718,66.1046,64.0718,,2.0328,2.0328,2.0328,0,2.0328
2000-08-09 04:00:00 PDT,0.239227,6.22882,OFF,65.9402,OFF,0,57.022,,64.0575,64.0575,64.0575,65.9402,64.0575,,1.8827,1.8827,1.8827,0,1.8827
2000-08-09 04:01:00 PDT,0.239227,6.22882,OFF,65.803,OFF,0,57.0058,,64.0432,64.0432,64.0432,65.803,64.0432,,1.7598,1.7598,1.7598,0,1.7598
2000-08-09 04:02:00 PDT,0.239227,6.22882,OFF,65.6875,OFF,0,56.9901,,64.0286,64.0286,64.0286,65.6875,64.0286,,1.6589,1.6589,1.6589,0,1.6589
2000-08-09 04:03:00 PDT,0.239227,6.22882,OFF,65.5897,OFF,0,56.975,,64.0138,64.0138,64.0138,65.5897,64.0138,,1.5759,1.5759,1.5759,0,1.5759
2000-08-09 04:04:00 PDT,0.239227,6.22882,OFF,65.5065,OFF,0,56.9604,,63.9988,63.9988,63.9988,65.5065,63.9988,,1.5077,1.5077,1.5077,0,1.5077
2000-08-09 04:05:00 PDT,0.239227,6.22882,OFF,65.4351,OFF,0,56.9464,,63.9836,63.9836,63.9836,65.4351,63.9836,,1.4515,1.4515,1.4515,0,1.4515
2000-08-09 04:06:00 PDT,0.239227,6.22882,OFF,65.3734,OFF,0,56.9329,,63.9684,63.9684,63.9684,65.3734,63.9684,,1.405,1.405,1.405,0,1.405
2000-08-09 04:07:00 PDT,0.239227,6.22882,OFF,65.3195,OFF,0,56.92,,63.9531,63.9531,63.9531,65.3195,63.9531,,1.3664,1.3664,1.3664,0,1.3664
2000-08-09 04:08:00 PDT,0.239227,6.22882,OFF,65.2721,OFF,0,56.9076,,63.9377,63.9377,63.9377,65.2721,63.9377,,1.3344,1.3344,1.3344,0,1.3344
2000-08-09 04:09:00 PDT,0.239227,6.22882,OFF,65.23,OFF,0,56.8958,,63.9223,63.9223,63.9223,65.23,63.9223,,1.3077,1.3077,1.3077,0,1.3077
2000-08-09 04:10:00 PDT,0.239227,6.22882,OFF,65.1921,OFF,0,56.8845,,63.9068,63.9068,63.9068,65.1921,63.9068,,1.2853,1.2853,1.2853,0,1.2853
2000-08-09 04:11:00 PDT,0.239227,6.22882,OFF,65.1578,OFF,0,56.8738,,63.8914,63.8914,63.8914,65.1578,63.8914,,1.2664,1.2664,1.2664,0,1.2664
2000-08-09 04:12:00 PDT,0.239227,6.22882,OFF,65.1264,OFF,0,56.8636,,63.8759,63.8759,63.8759,65.1264,63.8759,,1.2505,1.2505,1.2505,0,1.2505
2000-08-09 04:13:00 PDT,0.239227,6.22882,OFF,65.0973,OFF,0,56.854,,63.8605,63.8605,63.8605,65.0973,63.8605,,1.2368,1.2368,1.2368,0,1.2368
2000-08-09 04:14:00 PDT,0.239227,6.22882,OFF,65.0702,OFF,0,56.8449,,63.8451,63.8451,63.8451,65.0702,63.8451,,1.2251,1.2251,1.2251,0,1.2251
2000-08-09 04:15:00 PDT,2.47824,6.22882,OFF,65.0446,OFF,0,56.8364,,63.8297,63.8297,63.8297,65.0446,63.8297,,1.2149,1.2149,1.2149,0,1.2149
2000-08-09 04:16:00 PDT,2.47824,6.22882,OFF,65.0204,OFF,0,56.8284,,63.8143,63.8143,63.8143,65.0204,63.8143,,1.2061,1.2061,1.2061,0,1.2061
2000-08-09 04:17:00 PDT,2.47824,6.22882,OFF,64.9973,OFF,0,56.821,,63.799,63.799,63.799,64.9973,63.799,,1.1983,1.1983,1.1983,0,1.1983
2000-08-09 04:18:00 PDT,2.65225,6.22019,ON,64.975,HEAT,6.22019,56.8141,,63.7838,63.7838,63.7838,64.975,63.7838,,1.1912,1.1912,1.1912,0,1.1912
2000-08-09 04:19:00 PDT,2.65225,6.22019,ON,66.1671,HEAT,6.21706,56.8078,,63.7686,63.7686,63.7686,66.1671,63.7686,,2.3985,2.3985,2.3985,0,2.3985
2000-08-09 04:20:00 PDT,-4.81471,6.21706,OFF,67.1771,OFF,0,56.802,,63.7534,63.7534,63.7534,67.1771,63.7534,,3.4237,3.4237,3.4237,0,3.4237
2000-08-09 04:21:00 PDT,-4.81471,6.21706,OFF,66.8263,OFF,0,56.7968,,63.7384,63.7384,63.7384,66.8263,63.7384,,3.0879,3.0879,3.0879,0,3.0879
2000-08-09 04:22:00 PDT,-4.81471,6.21706,OFF,66.5366,OFF,0,56.7921,,63.7234,63.7234,63.7234,66.5366,63.7234,,2.8132,2.8132,2.8132,0,2.8132
2000-08-09 04:23:00 PDT,-4.81471,6.21706,OFF,66.2969,OFF,0,56.788,,63.7084,63.7084,63.7084,66.2969,63.7084,,2.5885,2.5885,2.5885,0,2.5885
2000-08-09 04:24:00 PDT,-4.81471,6.21706,OFF,66.098,OFF,0,56.7844,,63.6936,63.6936,63.6936,66.098,63.6936,,2.4044,2.4044,2.4044,0,2.4044
2000-08-09 04:25:00 PDT,-4.81471,6.21706,OFF,65.9323,OFF,0,56.7814,,63.6789,63.6789,63.6789,65.9323,63.6789,,2.2534,2.2534,2.2534,0,2.2534
2000-08-09 04:26:00 PDT,-4.81471,6.21706,OFF,65.7938,OFF,0,56.7789,,63.6643,63.6643,63.6643,65.7938,63.6643,,2.1295,2.1295,2.1295,0,2.1295
2000-08-09 04:27:00 PDT,-4.81471,6.21706,OFF,65.6774,OFF,0,56.777,,63.6498,63.6498,63.6498,65.6774,63.6498,,2.0276,2.0276,2.0276,0,2.0276
2000-08-09 04:28:00 PDT,-4.81471,6.21706,OFF,65.5791,OFF,0,56.7756,,63.6353,63.6353,63.6353,65.5791,63.6353,,1.9438,1.9438,1.9438,0,1.9438
2000-08-09 04:29:00 PDT,-4.81471,6.21706,OFF,65.4956,OFF,0,56.7748,,63.621,63.621,63.621,65.4956,63.621,,1.8746,1.8746,1.8746,0,1.8746
2000-08-09 04:30:00 PDT,1.5293,6.21706,OFF,65.4242,OFF,0,56.7745,,63.6068,63.6068,63.6068,65.4242,63.6068,,1.8174,1.8174,1.8174,0,1.8174
2000-08-09 04:31:00 PDT,1.5293,6.21706,OFF,65.3626,OFF,0,56.7748,,63.5927,63.5927,63.5927,65.3626,63.5927,,1.7699,1.7699,1.7699,0,1.7699
2000-08-09 04:32:00 PDT,1.5293,6.21706,OFF,65.3092,OFF,0,56.7756,,63.5788,63.5788,63.5788,65.3092,63.5788,,1.7304,1.7304,1.7304,0,1.7304
2000-08-09 04:33:00 PDT,1.5293,6.21706,OFF,65.2623,OFF,0,56.777,,63.5649,63.5649,63.5649,65.2623,63.5649,,1.6974,1.6974,1.6974,0,1.6974
2000-08-09 04:34:00 PDT,1.5293,6.21706,OFF,65.2208,OFF,0,56.7789,,63.5512,63.5512,63.5512,65.2208,63.5512,,1.6696,1.6696,1.6696,0,1.6696
2000-08-09 04:35:00 PDT,1.5293,6.21706,OFF,65.1839,OFF,0,56.7814,,63.5377,63.5377,63.5377,65.1839,63.5377,,1.6462,1.6462,1.6462,0,1.6462
2000-08-09 04:36:00 PDT,1.5293,6.21706,OFF,65.1506,OFF,0,56.7844,,63.5243,63.5243,63.5243,65.1506,63.5243,,1.6263,1.6263,1.6263,0,1.6263
2000-08-09 04:37:00 PDT,1.5293,6.21706,OFF,65.1203,OFF,0,56.788,,63.511,63.511,63.511,65.1203,63.511,,1.6093,1.6093,1.6093,0,1.6093
2000-08-09 04:38:00 PDT,1.5293,6.21706,OFF,65.0925,OFF,0,56.7921,,63.4978,63.4978,63.4978,65.0925,63.4978,,1.5947,1.5947,1.5947,0,1.5947
2000-08-09 04:39:00 PDT,1.5293,6.21706,OFF,65.0668,OFF,0,56.7968,,63.4848,63.4848,63.4848,65.0668,63.4848,,1.582,1.582,1.582,0,1.582
2000-08-09 04:40:00 PDT,1.5293,6.21706,OFF,65.0428,OFF,0,56.802,,63.4718,63.4718,63.4718,65.0428,63.4718,,1.571,1.571,1.571,0,1.571
2000-08-09 04:41:00 PDT,1.5293,6.21706,OFF,65.0201,OFF,0,56.8078,,63.4591,63.4591,63.4591,65.0201,63.4591,,1.561,1.561,1.561,0,1.561
2000-08-09 04:42:00 PDT,1.5293,6.21706,OFF,64.9987,OFF,0,56.8141,,63.4464,63.4464,63.4464,64.9987,63.4464,,1.5523,1.5523,1.5523,0,1.5523
2000-08-09 04:43:00 PDT,2.64433,6.22218,ON,64.9782,HEAT,6.22218,56.821,,63.4339,63.4339,63.4339,64.9782,63.4339,,1.5443,1.5443,1.5443,0,1.5443
2000-08-09 04:44:00 PDT,2.64433,6.22218,ON,66.1726,HEAT,6.22076,56.8284,,63.4215,63.4215,63.4215,66.1726,63.4215,,2.7511,2.7511,2.7511,0,2.7511
2000-08-09 04:45:00 PDT,-4.8491,6.22076,OFF,67.1853,OFF,0,56.8364,,63.4092,63.4092,63.4092,67.1853,63.4092,,3.7761,3.7761,3.7761,0,3.7761
2000-08-09 04:46:00 PDT,-4.8491,6.22076,OFF,66.8363,OFF,0,56.8449,,63.3972,63.3972,63.3972,66.8363,64.6113,,3.4391,3.4391,3.4391,0,2.225
2000-08-09 04:47:00 PDT,-4.8491,6.22076,OFF,66.5487,OFF,0,56.854,,63.3852,63.3852,63.3852,66.5487,65.6269,,3.1635,3.1635,3.1635,0,0.9218
2000-08-09 04:48:00 PDT,-4.8491,6.22076,OFF,66.311,OFF,0,56.8636,,63.3734,63.3734,63.3734,66.311,66.4948,,2.9376,2.9376,2.9376,0,-0.1838
2000-08-09 04:49:00 PDT,-4.8491,6.22076,OFF,66.1142,OFF,0,56.8738,,63.3618,63.3618,63.3618,66.1142,67.2423,,2.7524,2.7524,2.7524,0,-1.1281
2000-08-09 04:50:00 PDT,-4.8491,6.22076,OFF,65.9507,OFF,0,56.8845,,63.3503,63.3503,63.3503,65.9507,66.6812,,2.6004,2.6004,2.6004,0,-0.7305
2000-08-09 04:51:00 PDT,-4.8491,6.22076,OFF,65.8145,OFF,0,56.8958,,63.339,63.339,63.339,65.8145,66.2213,,2.4755,2.4755,2.4755,0,-0.4068
2000-08-09 04:52:00 PDT,-4.8491,6.22076,OFF,65.7004,OFF,0,56.9076,,63.3278,63.3278,63.3278,65.7004,65.8438,,2.3726,2.3726,2.3726,0,-0.1434
2000-08-09 04:53:00 PDT,-4.8491,6.22076,OFF,65.6046,OFF,0,56.92,,63.3168,63.3168,63.3168,65.6046,65.5336,,2.2878,2.2878,2.2878,0,0.071
2000-08-09 04:54:00 PDT,-4.8491,6.22076,OFF,65.5236,OFF,0,56.9329,,63.306,63.306,63.306,65.5236,65.2783,,2.2176,2.2176,2.2176,0,0.2453
2000-08-09 04:55:00 PDT,-4.8491,6.22076,OFF,65.4547,OFF,0,56.9464,,63.2953,63.2953,63.2953,65.4547,65.0679,,2.1594,2.1594,2.1594,0,0.3868
2000-08-09 04:56:00 PDT,-4.8491,6.22076,OFF,65.3958,OFF,0,56.9604,,63.2848,63.2848,63.2848,65.3958,64.894,,2.111,2.111,2.111,0,0.5018
2000-08-09 04:57:00 PDT,-4.8491,6.22076,OFF,65.345,OFF,0,56.975,,63.2745,63.2745,63.2745,65.345,65.9661,,2.0705,2.0705,2.0705,0,-0.6211
2000-08-09 04:58:00 PDT,-4.8491,6.22076,OFF,65.3009,OFF,0,56.9901,,63.2644,63.2644,63.2644,65.3009,66.8801,,2.0365,2.0365,2.0365,0,-1.5792
2000-08-09 04:59:00 PDT,-4.8491,6.22076,OFF,65.2623,OFF,0,57.0058,,63.2544,63.2544,63.2544,65.2623,67.6646,,2.0079,2.0079,2.0079,0,-2.4023
2000-08-09 05:00:00 PDT,2.01926,6.22076,OFF,65.2282,OFF,0,57.022,,63.2447,63.2447,63.2447,65.2282,67.1285,,1.9835,1.9835,1.9835,0,-1.9003
2000-08-09 05:01:00 PDT,2.01926,6.22076,OFF,65.1978,OFF,0,57.0624,,63.2351,63.2351,63.2351,65.1978,66.6888,,1.9627,1.9627,1.9627,0,-1.491
2000-08-09 05:02:00 PDT,2.01926,6.22076,OFF,65.171,OFF,0,57.1025,,63.2261,63.2261,63.2261,65.171,66.3284,,1.9449,1.9449,1.9449,0,-1.1574
2000-08-09 05:03:00 PDT,2.01926,6.22076,OFF,65.1471,OFF,0,57.1424,,63.2178,63.2178,63.2178,65.1471,66.0326,,1.9293,1.9293,1.9293,0,-0.8855
2000-08-09 05:04:00 PDT,2.01926,6.22076,OFF,65.1256,OFF,0,57.182,,63.2099,63.2099,63.2099,65.1256,65.7896,,1.9157,1.9157,1.9157,0,-0.664
2000-08-09 05:05:00 PDT,2.01926,6.22076,OFF,65.1062,OFF,0,57.2214,,63.2026,63.2026,63.2026,65.1062,65.5896,,1.9036,1.9036,1.9036,0,-0.4834
2000-08-09 05:06:00 PDT,2.01926,6.22076,OFF,65.0884,OFF,0,57.2605,,63.1956,63.1956,63.1956,65.0884,65.4249,,1.8928,1.8928,1.8928,0,-0.3365
2000-08-09 05:07:00 PDT,2.01926,6.22076,OFF,65.0721,OFF,0,57.2994,,63.189,63.189,63.189,65.0721,65.2888,,1.8831,1.8831,1.8831,0,-0.2167
2000-08-09 05:08:00 PDT,2.01926,6.22076,OFF,65.0571,OFF,0,57.338,,63.1828,63.1828,63.1828,65.0571,65.1762,,1.8743,1.8743,1.8743,0,-0.1191
2000-08-09 05:09:00 PDT,2.01926,6.22076,OFF,65.043,OFF,0,57.3764,,63.1769,63.1769,63.1769,65.043,65.0828,,1.8661,1.8661,1.8661,0,-0.0398
2000-08-09 05:10:00 PDT,2.01926,6.22076,OFF,65.0298,OFF,0,57.4145,,63.1713,63.1713,63.1713,65.0298,65.005,,1.8585,1.8585,1.8585,0,0.0248
2000-08-09 05:11:00 PDT,2.01926,6.22076,OFF,65.0174,OFF,0,57.4524,,63.166,63.166,63.166,65.0174,64.9401,,1.8514,1.8514,1.8514,0,0.0773
2000-08-09 05:12:00 PDT,2.01926,6.22076,OFF,65.0056,OFF,0,57.49,,63.161,63.161,63.161,65.0056,66.1128,,1.8446,1.8446,1.8446,0,-1.1072
2000-08-09 05:13:00 PDT,2.01926,6.22076,OFF,64.9945,OFF,0,57.5274,,63.1562,63.1562,63.1562,64.9945,67.1097,,1.8383,1.8383,1.8383,0,-2.1152
2000-08-09 05:14:00 PDT,2.01926,6.22076,OFF,64.9838,OFF,0,57.5645,,63.1517,63.1517,63.1517,64.9838,66.7367,,1.8321,1.8321,1.8321,0,-1.7529
2000-08-09 05:15:00 PDT,2.65577,6.26677,ON,64.9736,HEAT,6.26677,57.6014,,63.1474,63.1474,63.1474,64.9736,66.4309,,1.8262,1.8262,1.8262,0,-1.4573
2000-08-09 05:16:00 PDT,2.65577,6.26677,ON,66.1939,HEAT,6.26834,57.638,,63.1434,63.1434,63.1434,66.1939,66.1801,,3.0505,3.0505,3.0505,0,0.0138
2000-08-09 05:17:00 PDT,-5.03795,6.26834,OFF,67.2307,OFF,0,57.6744,,63.1396,63.1396,63.1396,67.2307,65.974,,4.0911,4.0911,4.0911,0,1.2567
2000-08-09 05:18:00 PDT,-5.03795,6.26834,OFF,66.8872,OFF,0,57.7105,,63.1369,63.1369,63.1369,66.8872,65.8052,,3.7503,3.7503,3.7503,0,1.082
2000-08-09 05:19:00 PDT,-5.03795,6.26834,OFF,66.6056,OFF,0,57.7464,,63.1342,63.1342,63.1342,66.6056,65.6663,,3.4714,3.4714,3.4714,0,0.9393
2000-08-09 05:20:00 PDT,-5.03795,6.26834,OFF,66.3745,OFF,0,57.782,,63.1318,63.1318,63.1318,66.3745,65.5516,,3.2427,3.2427,3.2427,0,0.8229
2000-08-09 05:21:00 PDT,-5.03795,6.26834,OFF,66.1846,OFF,0,57.8174,,63.1294,63.1294,63.1294,66.1846,65.4569,,3.0552,3.0552,3.0552,0,0.7277
2000-08-09 05:22:00 PDT,-5.03795,6.26834,OFF,66.0283,OFF,0,57.8525,,63.1272,63.1272,63.1272,66.0283,65.3783,,2.9011,2.9011,2.9011,0,0.65
2000-08-09 05:23:00 PDT,-5.03795,6.26834,OFF,65.8995,OFF,0,57.8874,,63.1252,63.1252,63.1252,65.8995,65.3131,,2.7743,2.7743,2.7743,0,0.5864
2000-08-09 05:24:00 PDT,-5.03795,6.26834,OFF,65.7931,OFF,0,57.922,,63.1234,63.1234,63.1234,65.7931,65.2587,,2.6697,2.6697,2.6697,0,0.5344
2000-08-09 05:25:00 PDT,-5.03795,6.26834,OFF,65.7051,OFF,0,57.9564,,63.1217,63.1217,63.1217,65.7051,65.2132,,2.5834,2.5834,2.5834,0,0.4919
2000-08-09 05:26:00 PDT,-5.03795,6.26834,OFF,65.632,OFF,0,57.9905,,63.1202,63.1202,63.1202,65.632,65.175,,2.5118,2.5118,2.5118,0,0.457
2000-08-09 05:27:00 PDT,-5.03795,6.26834,OFF,65.5712,OFF,0,58.0244,,63.1189,63.1189,63.1189,65.5712,65.1427,,2.4523,2.4523,2.4523,0,0.4285
2000-08-09 05:28:00 PDT,-5.03795,6.26834,OFF,65.5204,OFF,0,58.058,,63.1178,63.1178,63.1178,65.5204,65.1154,,2.4026,2.4026,2.4026,0,0.405
2000-08-09 05:29:00 PDT,-5.03795,6.26834,OFF,65.4779,OFF,0,58.0914,,63.1168,63.1168,63.1168,65.4779,65.0922,,2.3611,2.3611,2.3611,0,0.3857
2000-08-09 05:30:00 PDT,1.48455,6.26834,OFF,65.4421,OFF,0,58.1245,,63.116,63.116,63.116,65.4421,65.0723,,2.3261,2.3261,2.3261,0,0.3698
2000-08-09 05:31:00 PDT,1.48455,6.26834,OFF,65.4118,OFF,0,58.1574,,63.1154,63.1154,63.1154,65.4118,65.0551,,2.2964,2.2964,2.2964,0,0.3567
2000-08-09 05:32:00 PDT,1.48455,6.26834,OFF,65.3861,OFF,0,58.19,,63.1149,63.1149,63.1149,65.3861,65.0402,,2.2712,2.2712,2.2712,0,0.3459
2000-08-09 05:33:00 PDT,1.48455,6.26834,OFF,65.3641,OFF,0,58.2224,,63.1147,63.1147,63.1147,65.3641,65.0272,,2.2494,2.2494,2.2494,0,0.3369
2000-08-09 05:34:00 PDT,1.48455,6.26834,OFF,65.3452,OFF,0,58.2545,,63.1146,63.1146,63.1146,65.3452,65.0158,,2.2306,2.2306,2.2306,0,0.3294
2000-08-09 05:35:00 PDT,1.48455,6.26834,OFF,65.3289,OFF,0,58.2864,,63.1147,63.1147,63.1147,65.3289,65.0057,,2.2142,2.2142,2.2142,0,0.3232
2000-08-09 05:36:00 PDT,1.48455,6.26834,OFF,65.3147,OFF,0,58.318,,63.1149,63.1149,63.1149,65.3147,64.9967,,2.1998,2.1998,2.1998,0,0.318
2000-08-09 05:37:00 PDT,1.48455,6.26834,OFF,65.3022,OFF,0,58.3494,,63.1154,63.1154,63.1154,65.3022,64.9887,,2.1868,2.1868,2.1868,0,0.3135
2000-08-09 05:38:00 PDT,1.48455,6.26834,OFF,65.2912,OFF,0,58.3805,,63.116,63.116,63.116,65.2912,66.2274,,2.1752,2.1752,2.1752,0,-0.9362
2000-08-09 05:39:00 PDT,1.48455,6.26834,OFF,65.2814,OFF,0,58.4114,,63.1167,63.1167,63.1167,65.2814,67.28,,2.1647,2.1647,2.1647,0,-1.9986
2000-08-09 05:40:00 PDT,1.48455,6.26834,OFF,65.2727,OFF,0,58.442,,63.1177,63.1177,63.1177,65.2727,66.9345,,2.155,2.155,2.155,0,-1.6618
2000-08-09 05:41:00 PDT,1.48455,6.26834,OFF,65.2648,OFF,0,58.4724,,63.1187,63.1187,63.1187,65.2648,66.652,,2.1461,2.1461,2.1461,0,-1.3872
2000-08-09 05:42:00 PDT,1.48455,6.26834,OFF,65.2577,OFF,0,58.5025,,63.12,63.12,63.12,65.2577,66.4208,,2.1377,2.1377,2.1377,0,-1.1631
2000-08-09 05:43:00 PDT,1.48455,6.26834,OFF,65.2512,OFF,0,58.5324,,63.1214,63.1214,63.1214,65.2512,66.2316,,2.1298,2.1298,2.1298,0,-0.9804
2000-08-09 05:44:00 PDT,1.48455,6.26834,OFF,65.2452,OFF,0,58.562,,63.123,63.123,63.123,65.2452,66.0764,,2.1222,2.1222,2.1222,0,-0.8312
2000-08-09 05:45:00 PDT,1.99032,6.26834,OFF,65.2398,OFF,0,58.5914,,63.1247,63.1247,63.1247,65.2398,65.9493,,2.1151,2.1151,2.1151,0,-0.7095
2000-08-09 05:46:00 PDT,1.99032,6.26834,OFF,65.2348,OFF,0,58.6205,,63.1266,63.1266,63.1266,65.2348,65.8449,,2.1082,2.1082,2.1082,0,-0.6101
2000-08-09 05:47:00 PDT,1.99032,6.26834,OFF,65.2301,OFF,0,58.6494,,63.1287,63.1287,63.1287,65.2301,65.7591,,2.1014,2.1014,2.1014,0,-0.529
2000-08-09 05:48:00 PDT,1.99032,6.26834,OFF,65.2258,OFF,0,58.678,,63.1309,63.1309,63.1309,65.2258,65.6885,,2.0949,2.0949,2.0949,0,-0.4627
2000-08-09 05:49:00 PDT,1.99032,6.26834,OFF,65.2218,OFF,0,58.7064,,63.1332,63.1332,63.1332,65.2218,65.6304,,2.0886,2.0886,2.0886,0,-0.4086
2000-08-09 05:50:00 PDT,1.99032,6.26834,OFF,65.218,OFF,0,58.7345,,63.1357,63.1357,63.1357,65.218,65.5825,,2.0823,2.0823,2.0823,0,-0.3645
2000-08-09 05:51:00 PDT,1.99032,6.26834,OFF,65.2145,OFF,0,58.7624,,63.1384,63.1384,63.1384,65.2145,65.5428,,2.0761,2.0761,2.0761,0,-0.3283
2000-08-09 05:52:00 PDT,1.99032,6.26834,OFF,65.2113,OFF,0,58.79,,63.1412,63.1412,63.1412,65.2113,65.51,,2.0701,2.0701,2.0701,0,-0.2987
2000-08-09 05:53:00 PDT,1.99032,6.26834,OFF,65.2083,OFF,0,58.8174,,63.1441,63.1441,63.1441,65.2083,65.4828,,2.0642,2.0642,2.0642,0,-0.2745
2000-08-09 05:54:00 PDT,1.99032,6.26834,OFF,65.2054,OFF,0,58.8445,,63.1472,63.1472,63.1472,65.2054,65.4602,,2.0582,2.0582,2.0582,0,-0.2548
2000-08-09 05:55:00 PDT,1.99032,6.26834,OFF,65.2028,OFF,0,58.8714,,63.1504,63.1504,63.1504,65.2028,65.4413,,2.0524,2.0524,2.0524,0,-0.2385
2000-08-09 05:56:00 PDT,1.99032,6.26834,OFF,65.2004,OFF,0,58.898,,63.1538,63.1538,63.1538,65.2004,65.4255,,2.0466,2.0466,2.0466,0,-0.2251
2000-08-09 05:57:00 PDT,1.99032,6.26834,OFF,65.1981,OFF,0,58.9244,,63.1573,63.1573,63.1573,65.1981,65.4123,,2.0408,2.0408,2.0408,0,-0.2142
2000-08-09 05:58:00 PDT,1.99032,6.26834,OFF,65.196,OFF,0,58.9505,,63.1609,63.1609,63.1609,65.196,65.4012,,2.0351,2.0351,2.0351,0,-0.2052
2000-08-09 05:59:00 PDT,1.99032,6.26834,OFF,65.1941,OFF,0,58.9764,,63.1647,63.1647,63.1647,65.1941,65.3918,,2.0294,2.0294,2.0294,0,-0.1977
2000-08-09 06:00:00 PDT,2.10898,6.26834,OFF,65.1923,OFF,0,59.002,,63.1685,63.1685,63.1685,65.1923,65.3839,,2.0238,2.0238,2.0238,0,-0.1916
2000-08-09 06:01:00 PDT,2.10898,6.26834,OFF,65.1907,OFF,0,59.0126,,63.1726,63.1726,63.1726,65.1907,65.3772,,2.0181,2.0181,2.0181,0,-0.1865
2000-08-09 06:02:00 PDT,2.10898,6.26834,OFF,65.189,OFF,0,59.0235,,63.1765,63.1765,63.1765,65.189,65.3713,,2.0125,2.0125,2.0125,0,-0.1823
2000-08-09 06:03:00 PDT,2.10898,6.26834,OFF,65.1873,OFF,0,59.0346,,63.1803,63.1803,63.1803,65.1873,65.366,,2.007,2.007,2.007,0,-0.1787
2000-08-09 06:04:00 PDT,2.10898,6.26834,OFF,65.1855,OFF,0,59.046,,63.1841,63.1841,63.1841,65.1855,65.3612,,2.0014,2.0014,2.0014,0,-0.1757
2000-08-09 06:05:00 PDT,2.10898,6.26834,OFF,65.1838,OFF,0,59.0576,,63.1879,63.1879,63.1879,65.1838,65.357,,1.9959,1.9959,1.9959,0,-0.1732
2000-08-09 06:06:00 PDT,2.10898,6.26834,OFF,65.182,OFF,0,59.0695,,63.1917,63.1917,63.1917,65.182,65.3531,,1.9903,1.9903,1.9903,0,-0.1711
2000-08-09 06:07:00 PDT,2.10898,6.26834,OFF,65.1804,OFF,0,59.0816,,63.1955,63.1955,63.1955,65.1804,65.3496,,1.9849,1.9849,1.9849,0,-0.1692
2000-08-09 06:08:00 PDT,2.10898,6.26834,OFF,65.1787,OFF,0,59.094,,63.1994,63.1994,63.1994,65.1787,65.3465,,1.9793,1.9793,1.9793,0,-0.1678
2000-08-09 06:09:00 PDT,2.10898,6.26834,OFF,65.1772,OFF,0,59.1066,,63.2033,63.2033,63.2033,65.1772,65.3436,,1.9739,1.9739,1.9739,0,-0.1664
2000-08-09 06:10:00 PDT,2.10898,6.26834,OFF,65.1757,OFF,0,59.1195,,63.2073,63.2073,63.2073,65.1757,65.3409,,1.9684,1.9684,1.9684,0,-0.1652
2000-08-09 06:11:00 PDT,2.10898,6.26834,OFF,65.1744,OFF,0,59.1326,,63.2114,63.2114,63.2114,65.1744,65.3385,,1.963,1.963,1.963,0,-0.1641
2000-08-09 06:12:00 PDT,2.10898,6.26834,OFF,65.1731,OFF,0,59.146,,63.2155,63.2155,63.2155,65.1731,65.3363,,1.9576,1.9576,1.9576,0,-0.1632
2000-08-09 06:13:00 PDT,2.10898,6.26834,OFF,65.1719,OFF,0,59.1596,,63.2198,63.2198,63.2198,65.1719,65.3343,,1.9521,1.9521,1.9521,0,-0.1624
2000-08-09 06:14:00 PDT,2.10898,6.26834,OFF,65.1709,OFF,0,59.1735,,63.2241,63.2241,63.2241,65.1709,65.3325,,1.9468,1.9468,1.9468,0,-0.1616
2000-08-09 06:15:00 PDT,2.16493,6.26834,OFF,65.1699,OFF,0,59.1876,,63.2285,63.2285,63.2285,65.1699,65.3308,,1.9414,1.9414,1.9414,0,-0.1609
2000-08-09 06:16:00 PDT,2.16493,6.26834,OFF,65.1691,OFF,0,59.202,,63.233,63.233,63.233,65.1691,65.3293,,1.9361,1.9361,1.9361,0,-0.1602
2000-08-09 06:17:00 PDT,2.16493,6.26834,OFF,65.1684,OFF,0,59.2166,,63.2377,63.2377,63.2377,65.1684,65.328,,1.9307,1.9307,1.9307,0,-0.1596
2000-08-09 06:18:00 PDT,2.16493,6.26834,OFF,65.1695,OFF,0,59.2315,,63.244,63.244,63.244,65.1695,65.3284,,1.9255,1.9255,1.9255,0,-0.1589
2000-08-09 06:19:00 PDT,2.16493,6.26834,OFF,65.1704,OFF,0,59.2466,,63.2503,63.2503,63.2503,65.1704,65.3289,,1.9201,1.9201,1.9201,0,-0.1585
2000-08-09 06:20:00 PDT,2.16493,6.26834,OFF,65.1714,OFF,0,59.262,,63.2566,63.2566,63.2566,65.1714,65.3293,,1.9148,1.9148,1.9148,0,-0.1579
2000-08-09 06:21:00 PDT,2.16493,6.26834,OFF,65.1723,OFF,0,59.2776,,63.2628,63.2628,63.2628,65.1723,65.3297,,1.9095,1.9095,1.9095,0,-0.1574
2000-08-09 06:22:00 PDT,2.16493,6.26834,OFF,65.1733,OFF,0,59.2935,,63.269,63.269,63.269,65.1733,65.3302,,1.9043,1.9043,1.9043,0,-0.1569
2000-08-09 06:23:00 PDT,2.16493,6.26834,OFF,65.1743,OFF,0,59.3096,,63.2753,63.2753,63.2753,65.1743,65.3307,,1.899,1.899,1.899,0,-0.1564
2000-08-09 06:24:00 PDT,2.16493,6.26834,OFF,65.1754,OFF,0,59.326,,63.2816,63.2816,63.2816,65.1754,65.3313,,1.8938,1.8938,1.8938,0,-0.1559
2000-08-09 06:25:00 PDT,2.16493,6.26834,OFF,65.1765,OFF,0,59.3426,,63.288,63.288,63.288,65.1765,65.332,,1.8885,1.8885,1.8885,0,-0.1555
2000-08-09 06:26:00 PDT,2.16493,6.26834,OFF,65.1778,OFF,0,59.3595,,63.2944,63.2944,63.2944,65.1778,65.3328,,1.8834,1.8834,1.8834,0,-0.155
2000-08-09 06:27:00 PDT,2.16493,6.26834,OFF,65.1791,OFF,0,59.3766,,63.3009,63.3009,63.3009,65.1791,65.3336,,1.8782,1.8782,1.8782,0,-0.1545
2000-08-09 06:28:00 PDT,2.16493,6.26834,OFF,65.1805,OFF,0,59.394,,63.3075,63.3075,63.3075,65.1805,65.3346,,1.873,1.873,1.873,0,-0.1541
2000-08-09 06:29:00 PDT,2.16493,6.26834,OFF,65.182,OFF,0,59.4116,,63.3142,63.3142,63.3142,65.182,65.3357,,1.8678,1.8678,1.8678,0,-0.1537
2000-08-09 06:30:00 PDT,2.13073,6.26834,OFF,65.1836,OFF,0,59.4295,,63.321,63.321,63.321,65.1836,65.3369,,1.8626,1.8626,1.8626,0,-0.1533
2000-08-09 06:31:00 PDT,2.13073,6.26834,OFF,65.1854,OFF,0,59.4476,,63.3278,63.3278,63.3278,65.1854,65.3382,,1.8576,1.8576,1.8576,0,-0.1528
2000-08-09 06:32:00 PDT,2.13073,6.26834,OFF,65.1872,OFF,0,59.466,,63.3348,63.3348,63.3348,65.1872,65.3396,,1.8524,1.8524,1.8524,0,-0.1524
2000-08-09 06:33:00 PDT,2.13073,6.26834,OFF,65.1892,OFF,0,59.4846,,63.3419,63.3419,63.3419,65.1892,65.3411,,1.8473,1.8473,1.8473,0,-0.1519
2000-08-09 06:34:00 PDT,2.13073,6.26834,OFF,65.1913,OFF,0,59.5035,,63.3491,63.3491,63.3491,65.1913,65.3428,,1.8422,1.8422,1.8422,0,-0.1515
2000-08-09 06:35:00 PDT,2.13073,6.26834,OFF,65.1935,OFF,0,59.5226,,63.3564,63.3564,63.3564,65.1935,65.3446,,1.8371,1.8371,1.8371,0,-0.1511
2000-08-09 06:36:00 PDT,2.13073,6.26834,OFF,65.1958,OFF,0,59.542,,63.3638,63.3638,63.3638,65.1958,65.3465,,1.832,1.832,1.832,0,-0.1507
2000-08-09 06:37:00 PDT,2.13073,6.26834,OFF,65.1983,OFF,0,59.5616,,63.3713,63.3713,63.3713,65.1983,65.3486,,1.827,1.827,1.827,0,-0.1503
2000-08-09 06:38:00 PDT,2.13073,6.26834,OFF,65.2009,OFF,0,59.5815,,63.3789,63.3789,63.3789,65.2009,65.3507,,1.822,1.822,1.822,0,-0.1498
2000-08-09 06:39:00 PDT,2.13073,6.26834,OFF,65.2036,OFF,0,59.6016,,63.3866,63.3866,63.3866,65.2036,65.353,,1.817,1.817,1.817,0,-0.1494
2000-08-09 06:40:00 PDT,2.13073,6.26834,OFF,65.2065,OFF,0,59.622,,63.3945,63.3945,63.3945,65.2065,65.3555,,1.812,1.812,1.812,0,-0.149
2000-08-09 06:41:00 PDT,2.13073,6.26834,OFF,65.2094,OFF,0,59.6426,,63.4025,63.4025,63.4025,65.2094,65.358,,1.8069,1.8069,1.8069,0,-0.1486
2000-08-09 06:42:00 PDT,2.13073,6.26834,OFF,65.2125,OFF,0,59.6635,,63.4106,63.4106,63.4106,65.2125,65.3607,,1.8019,1.8019,1.8019,0,-0.1482
2000-08-09 06:43:00 PDT,2.13073,6.26834,OFF,65.2158,OFF,0,59.6846,,63.4188,63.4188,63.4188,65.2158,65.3636,,1.797,1.797,1.797,0,-0.1478
2000-08-09 06:44:00 PDT,2.13073,6.26834,OFF,65.2191,OFF,0,59.706,,63.4271,63.4271,63.4271,65.2191,65.3665,,1.792,1.792,1.792,0,-0.1474
2000-08-09 06:45:00 PDT,2.03321,6.26834,OFF,65.2226,OFF,0,59.7276,,63.4355,63.4355,63.4355,65.2226,65.3696,,1.7871,1.7871,1.7871,0,-0.147
2000-08-09 06:46:00 PDT,2.03321,6.26834,OFF,65.2263,OFF,0,59.7495,,63.4441,63.4441,63.4441,65.2263,65.3728,,1.7822,1.7822,1.7822,0,-0.1465
2000-08-09 06:47:00 PDT,2.03321,6.26834,OFF,65.23,OFF,0,59.7716,,63.4527,63.4527,63.4527,65.23,65.3762,,1.7773,1.7773,1.7773,0,-0.1462
2000-08-09 06:48:00 PDT,2.03321,6.26834,OFF,65.2339,OFF,0,59.794,,63.4615,63.4615,63.4615,65.2339,65.3797,,1.7724,1.7724,1.7724,0,-0.1458
2000-08-09 06:49:00 PDT,2.03321,6.26834,OFF,65.2379,OFF,0,59.8166,,63.4704,63.4704,63.4704,65.2379,65.3833,,1.7675,1.7675,1.7675,0,-0.1454
2000-08-09 06:50:00 PDT,2.03321,6.26834,OFF,65.2421,OFF,0,59.8395,,63.4795,63.4795,63.4795,65.2421,65.3871,,1.7626,1.7626,1.7626,0,-0.145
2000-08-09 06:51:00 PDT,2.03321,6.26834,OFF,65.2464,OFF,0,59.8626,,63.4886,63.4886,63.4886,65.2464,65.391,,1.7578,1.7578,1.7578,0,-0.1446
2000-08-09 06:52:00 PDT,2.03321,6.26834,OFF,65.2508,OFF,0,59.886,,63.4979,63.4979,63.4979,65.2508,65.395,,1.7529,1.7529,1.7529,0,-0.1442
2000-08-09 06:53:00 PDT,2.03321,6.26834,OFF,65.2554,OFF,0,59.9096,,63.5073,63.5073,63.5073,65.2554,65.3992,,1.7481,1.7481,1.7481,0,-0.1438
2000-08-09 06:54:00 PDT,2.03321,6.26834,OFF,65.2601,OFF,0,59.9335,,63.5168,63.5168,63.5168,65.2601,65.4034,,1.7433,1.7433,1.7433,0,-0.1433
2000-08-09 06:55:00 PDT,2.03321,6.26834,OFF,65.2649,OFF,0,59.9576,,63.5264,63.5264,63.5264,65.2649,65.4079,,1.7385,1.7385,1.7385,0,-0.143
2000-08-09 06:56:00 PDT,2.03321,6.26834,OFF,65.2699,OFF,0,59.982,,63.5362,63.5362,63.5362,65.2699,65.4125,,1.7337,1.7337,1.7337,0,-0.1426
2000-08-09 06:57:00 PDT,2.03321,6.26834,OFF,65.275,OFF,0,60.0066,,63.5461,63.5461,63.5461,65.275,65.4172,,1.7289,1.7289,1.7289,0,-0.1422
2000-08-09 06:58:00 PDT,2.03321,6.26834,OFF,65.2802,OFF,0,60.0315,,63.5561,63.5561,63.5561,65.2802,65.422,,1.7241,1.7241,1.7241,0,-0.1418
2000-08-09 06:59:00 PDT,2.03321,6.26834,OFF,65.2856,OFF,0,60.0566,,63.5662,63.5662,63.5662,65.2856,65.427,,1.7194,1.7194,1.7194,0,-0.1414
2000-08-09 07:00:00 PDT,1.8621,6.26834,OFF,65.2911,OFF,0,60.082,,63.5764,63.5764,63.5764,65.2911,65.4321,,1.7147,1.7147,1.7147,0,-0.141
2000-08-09 07:01:00 PDT,1.8621,6.26834,OFF,65.2967,OFF,0,60.115,,63.5868,63.5868,63.5868,65.2967,65.4373,,1.7099,1.7099,1.7099,0,-0.1406
2000-08-09 07:02:00 PDT,1.8621,6.26834,OFF,65.3024,OFF,0,60.148,,63.5972,63.5972,63.5972,65.3024,65.4426,,1.7052,1.7052,1.7052,0,-0.1402
2000-08-09 07:03:00 PDT,1.8621,6.26834,OFF,65.3081,OFF,0,60.181,,63.6076,63.6076,63.6076,65.3081,65.448,,1.7005,1.7005,1.7005,0,-0.1399
2000-08-09 07:04:00 PDT,1.8621,6.26834,OFF,65.3139,OFF,0,60.214,,63.6181,63.6181,63.6181,65.3139,65.4534,,1.6958,1.6958,1.6958,0,-0.1395
2000-08-09 07:05:00 PDT,1.8621,6.26834,OFF,65.3198,OFF,0,60.247,,63.6286,63.6286,63.6286,65.3198,65.4588,,1.6912,1.6912,1.6912,0,-0.139
2000-08-09 07:06:00 PDT,1.8621,6.26834,OFF,65.3257,OFF,0,60.28,,63.6392,63.6392,63.6392,65.3257,65.4644,,1.6865,1.6865,1.6865,0,-0.1387
2000-08-09 07:07:00 PDT,1.8621,6.26834,OFF,65.3317,OFF,0,60.313,,63.6499,63.6499,63.6499,65.3317,65.47,,1.6818,1.6818,1.6818,0,-0.1383
2000-08-09 07:08:00 PDT,1.8621,6.26834,OFF,65.3378,OFF,0,60.346,,63.6606,63.6606,63.6606,65.3378,65.4757,,1.6772,1.6772,1.6772,0,-0.1379
2000-08-09 07:09:00 PDT,1.8621,6.26834,OFF,65.344,OFF,0,60.379,,63.6714,63.6714,63.6714,65.344,65.4815,,1.6726,1.6726,1.6726,0,-0.1375
2000-08-09 07:10:00 PDT,1.8621,6.26834,OFF,65.3503,OFF,0,60.412,,63.6823,63.6823,63.6823,65.3503,65.4874,,1.668,1.668,1.668,0,-0.1371
2000-08-09 07:11:00 PDT,1.8621,6.26834,OFF,65.3566,OFF,0,60.445,,63.6933,63.6933,63.6933,65.3566,65.4934,,1.6633,1.6633,1.6633,0,-0.1368
2000-08-09 07:12:00 PDT,1.8621,6.26834,OFF,65.3631,OFF,0,60.478,,63.7043,63.7043,63.7043,65.3631,65.4995,,1.6588,1.6588,1.6588,0,-0.1364
2000-08-09 07:13:00 PDT,1.8621,6.26834,OFF,65.3697,OFF,0,60.511,,63.7155,63.7155,63.7155,65.3697,65.5057,,1.6542,1.6542,1.6542,0,-0.136
2000-08-09 07:14:00 PDT,1.8621,6.26834,OFF,65.3764,OFF,0,60.544,,63.7267,63.7267,63.7267,65.3764,65.5121,,1.6497,1.6497,1.6497,0,-0.1357
2000-08-09 07:15:00 PDT,1.6318,6.26834,OFF,65.3832,OFF,0,60.577,,63.7381,63.7381,63.7381,65.3832,65.5185,,1.6451,1.6451,1.6451,0,-0.1353
2000-08-09 07:16:00 PDT,1.6318,6.26834,OFF,65.3901,OFF,0,60.61,,63.7496,63.7496,63.7496,65.3901,65.525,,1.6405,1.6405,1.6405,0,-0.1349
2000-08-09 07:17:00 PDT,1.6318,6.26834,OFF,65.3972,OFF,0,60.643,,63.7611,63.7611,63.7611,65.3972,65.5317,,1.6361,1.6361,1.6361,0,-0.1345
2000-08-09 07:18:00 PDT,1.6318,6.26834,OFF,65.4054,OFF,0,60.676,,63.7739,63.7739,63.7739,65.4054,65.5396,,1.6315,1.6315,1.6315,0,-0.1342
2000-08-09 07:19:00 PDT,1.6318,6.26834,OFF,65.4137,OFF,0,60.709,,63.7866,63.7866,63.7866,65.4137,65.5475,,1.6271,1.6271,1.6271,0,-0.1338
2000-08-09 07:20:00 PDT,1.6318,6.26834,OFF,65.4219,OFF,0,60.742,,63.7994,63.7994,63.7994,65.4219,65.5554,,1.6225,1.6225,1.6225,0,-0.1335
2000-08-09 07:21:00 PDT,1.6318,6.26834,OFF,65.4303,OFF,0,60.775,,63.8122,63.8122,63.8122,65.4303,65.5633,,1.6181,1.6181,1.6181,0,-0.133
2000-08-09 07:22:00 PDT,1.6318,6.26834,OFF,65.4386,OFF,0,60.808,,63.825,63.825,63.825,65.4386,65.5713,,1.6136,1.6136,1.6136,0,-0.1327
2000-08-09 07:23:00 PDT,1.6318,6.26834,OFF,65.4471,OFF,0,60.841,,63.8379,63.8379,63.8379,65.4471,65.5794,,1.6092,1.6092,1.6092,0,-0.1323
2000-08-09 07:24:00 PDT,1.6318,6.26834,OFF,65.4556,OFF,0,60.874,,63.8509,63.8509,63.8509,65.4556,65.5876,,1.6047,1.6047,1.6047,0,-0.132
2000-08-09 07:25:00 PDT,1.6318,6.26834,OFF,65.4643,OFF,0,60.907,,63.864,63.864,63.864,65.4643,65.5959,,1.6003,1.6003,1.6003,0,-0.1316
2000-08-09 07:26:00 PDT,1.6318,6.26834,OFF,65.4731,OFF,0,60.94,,63.8772,63.8772,63.8772,65.4731,65.6043,,1.5959,1.5959,1.5959,0,-0.1312
2000-08-09 07:27:00 PDT,1.6318,6.26834,OFF,65.4819,OFF,0,60.973,,63.8904,63.8904,63.8904,65.4819,65.6128,,1.5915,1.5915,1.5915,0,-0.1309
2000-08-09 07:28:00 PDT,1.6318,6.26834,OFF,65.4909,OFF,0,61.006,,63.9038,63.9038,63.9038,65.4909,65.6214,,1.5871,1.5871,1.5871,0,-0.1305
2000-08-09 07:29:00 PDT,1.6318,6.26834,OFF,65.5,OFF,0,61.039,,63.9173,63.9173,63.9173,65.5,65.6302,,1.5827,1.5827,1.5827,0,-0.1302
2000-08-09 07:30:00 PDT,1.31653,6.26834,OFF,65.5093,OFF,0,61.072,,63.9309,63.9309,63.9309,65.5093,65.6391,,1.5784,1.5784,1.5784,0,-0.1298
2000-08-09 07:31:00 PDT,1.31653,6.26834,OFF,65.5187,OFF,0,61.105,,63.9447,63.9447,63.9447,65.5187,65.6481,,1.574,1.574,1.574,0,-0.1294
2000-08-09 07:32:00 PDT,1.31653,6.26834,OFF,65.5282,OFF,0,61.138,,63.9586,63.9586,63.9586,65.5282,65.6573,,1.5696,1.5696,1.5696,0,-0.1291
2000-08-09 07:33:00 PDT,1.31653,6.26834,OFF,65.5379,OFF,0,61.171,,63.9726,63.9726,63.9726,65.5379,65.6667,,1.5653,1.5653,1.5653,0,-0.1288
2000-08-09 07:34:00 PDT,1.31653,6.26834,OFF,65.5478,OFF,0,61.204,,63.9867,63.9867,63.9867,65.5478,65.6761,,1.5611,1.5611,1.5611,0,-0.1283
2000-08-09 07:35:00 PDT,1.31653,6.26834,OFF,65.5578,OFF,0,61.237,,64.001,64.001,64.001,65.5578,65.6858,,1.5568,1.5568,1.5568,0,-0.128
2000-08-09 07:36:00 PDT,1.31653,6.26834,OFF,65.5679,OFF,0,61.27,,64.0155,64.0155,64.0155,65.5679,65.6956,,1.5524,1.5524,1.5524,0,-0.1277
2000-08-09 07:37:00 PDT,1.31653,6.26834,OFF,65.5782,OFF,0,61.303,,64.0301,64.0301,64.0301,65.5782,65.7055,,1.5481,1.5481,1.5481,0,-0.1273
2000-08-09 07:38:00 PDT,1.31653,6.26834,OFF,65.5887,OFF,0,61.336,,64.0448,64.0448,64.0448,65.5887,65.7156,,1.5439,1.5439,1.5439,0,-0.1269
2000-08-09 07:39:00 PDT,1.31653,6.26834,OFF,65.5993,OFF,0,61.369,,64.0597,64.0597,64.0597,65.5993,65.7259,,1.5396,1.5396,1.5396,0,-0.1266
2000-08-09 07:40:00 PDT,1.31653,6.26834,OFF,65.6101,OFF,0,61.402,,64.0747,64.0747,64.0747,65.6101,65.7364,,1.5354,1.5354,1.5354,0,-0.1263
2000-08-09 07:41:00 PDT,1.31653,6.26834,OFF,65.6211,OFF,0,61.435,,64.0899,64.0899,64.0899,65.6211,65.747,,1.5312,1.5312,1.5312,0,-0.1259
2000-08-09 07:42:00 PDT,1.31653,6.26834,OFF,65.6322,OFF,0,61.468,,64.1053,64.1053,64.1053,65.6322,65.7578,,1.5269,1.5269,1.5269,0,-0.1256
2000-08-09 07:43:00 PDT,1.31653,6.26834,OFF,65.6436,OFF,0,61.501,,64.1208,64.1208,64.1208,65.6436,65.7688,,1.5228,1.5228,1.5228,0,-0.1252
2000-08-09 07:44:00 PDT,1.31653,6.26834,OFF,65.655,OFF,0,61.534,,64.1365,64.1365,64.1365,65.655,65.7799,,1.5185,1.5185,1.5185,0,-0.1249
2000-08-09 07:45:00 PDT,0.92301,6.26834,OFF,65.6667,OFF,0,61.567,,64.1524,64.1524,64.1524,65.6667,65.7912,,1.5143,1.5143,1.5143,0,-0.1245
2000-08-09 07:46:00 PDT,0.92301,6.26834,OFF,65.6786,OFF,0,61.6,,64.1684,64.1684,64.1684,65.6786,65.8028,,1.5102,1.5102,1.5102,0,-0.1242
2000-08-09 07:47:00 PDT,0.92301,6.26834,OFF,65.6906,OFF,0,61.633,,64.1846,64.1846,64.1846,65.6906,65.8144,,1.506,1.506,1.506,0,-0.1238
2000-08-09 07:48:00 PDT,0.92301,6.26834,OFF,65.7028,OFF,0,61.666,,64.201,64.201,64.201,65.7028,65.8263,,1.5018,1.5018,1.5018,0,-0.1235
2000-08-09 07:49:00 PDT,0.92301,6.26834,OFF,65.7152,OFF,0,61.699,,64.2175,64.2175,64.2175,65.7152,65.8384,,1.4977,1.4977,1.4977,0,-0.1232
2000-08-09 07:50:00 PDT,0.92301,6.26834,OFF,65.7278,OFF,0,61.732,,64.2342,64.2342,64.2342,65.7278,65.8506,,1.4936,1.4936,1.4936,0,-0.1228
2000-08-09 07:51:00 PDT,0.92301,6.26834,OFF,65.7406,OFF,0,61.765,,64.2511,64.2511,64.2511,65.7406,65.8631,,1.4895,1.4895,1.4895,0,-0.1225
2000-08-09 07:52:00 PDT,0.92301,6.26834,OFF,65.7536,OFF,0,61.798,,64.2682,64.2682,64.2682,65.7536,65.8757,,1.4854,1.4854,1.4854,0,-0.1221
2000-08-09 07:53:00 PDT,0.92301,6.26834,OFF,65.7668,OFF,0,61.831,,64.2855,64.2855,64.2855,65.7668,65.8886,,1.4813,1.4813,1.4813,0,-0.1218
2000-08-09 07:54:00 PDT,0.92301,6.26834,OFF,65.7801,OFF,0,61.864,,64.3029,64.3029,64.3029,65.7801,65.9016,,1.4772,1.4772,1.4772,0,-0.1215
2000-08-09 07:55:00 PDT,0.92301,6.26834,OFF,65.7937,OFF,0,61.897,,64.3206,64.3206,64.3206,65.7937,65.9149,,1.4731,1.4731,1.4731,0,-0.1212
2000-08-09 07:56:00 PDT,0.92301,6.26834,OFF,65.8075,OFF,0,61.93,,64.3384,64.3384,64.3384,65.8075,65.9283,,1.4691,1.4691,1.4691,0,-0.1208
2000-08-09 07:57:00 PDT,0.92301,6.26834,OFF,65.8215,OFF,0,61.963,,64.3564,64.3564,64.3564,65.8215,65.9419,,1.4651,1.4651,1.4651,0,-0.1204
2000-08-09 07:58:00 PDT,0.92301,6.26834,OFF,65.8357,OFF,0,61.996,,64.3747,64.3747,64.3747,65.8357,65.9558,,1.461,1.461,1.461,0,-0.1201
2000-08-09 07:59:00 PDT,0.92301,6.26834,OFF,65.85,OFF,0,62.029,,64.3931,64.3931,64.3931,65.85,65.9699,,1.4569,1.4569,1.4569,0,-0.1199
2000-08-09 08:00:00 PDT,0.428181,6.26834,OFF,65.8646,OFF,0,62.062,,64.4117,64.4117,64.4117,65.8646,65.9841,,1.4529,1.4529,1.4529,0,-0.1195
2000-08-09 08:01:00 PDT,0.428181,6.26834,OFF,65.8795,OFF,0,62.1038,,64.4305,64.4305,64.4305,65.8795,65.9986,,1.449,1.449,1.449,0,-0.1191
2000-08-09 08:02:00 PDT,0.428181,6.26834,OFF,65.8949,OFF,0,62.1454,,64.45,64.45,64.45,65.8949,66.0138,,1.4449,1.4449,1.4449,0,-0.1189
2000-08-09 08:03:00 PDT,0.428181,6.26834,OFF,65.911,OFF,0,62.1866,,64.4701,64.4701,64.4701,65.911,66.0295,,1.4409,1.4409,1.4409,0,-0.1185
2000-08-09 08:04:00 PDT,0.428181,6.26834,OFF,65.9277,OFF,0,62.2276,,64.4907,64.4907,64.4907,65.9277,66.0458,,1.437,1.437,1.437,0,-0.1181
2000-08-09 08:05:00 PDT,0.428181,6.26834,OFF,65.9448,OFF,0,62.2682,,64.5118,64.5118,64.5118,65.9448,66.0627,,1.433,1.433,1.433,0,-0.1179
2000-08-09 08:06:00 PDT,0.428181,6.26834,OFF,65.9624,OFF,0,62.3086,,64.5334,64.5334,64.5334,65.9624,66.0799,,1.429,1.429,1.429,0,-0.1175
2000-08-09 08:07:00 PDT,0.428181,6.26834,OFF,65.9805,OFF,0,62.3486,,64.5553,64.5553,64.5553,65.9805,66.0976,,1.4252,1.4252,1.4252,0,-0.1171
2000-08-09 08:08:00 PDT,0.428181,6.26834,OFF,65.9989,OFF,0,62.3884,,64.5777,64.5777,64.5777,65.9989,66.1157,,1.4212,1.4212,1.4212,0,-0.1168
2000-08-09 08:09:00 PDT,0.428181,6.26834,OFF,66.0177,OFF,0,62.4278,,64.6004,64.6004,64.6004,66.0177,66.1342,,1.4173,1.4173,1.4173,0,-0.1165
2000-08-09 08:10:00 PDT,0.428181,6.26834,OFF,66.0368,OFF,0,62.467,,64.6234,64.6234,64.6234,66.0368,66.1531,,1.4134,1.4134,1.4134,0,-0.1163
2000-08-09 08:11:00 PDT,0.428181,6.26834,OFF,66.0563,OFF,0,62.5058,,64.6468,64.6468,64.6468,66.0563,66.1722,,1.4095,1.4095,1.4095,0,-0.1159
2000-08-09 08:12:00 PDT,0.428181,6.26834,OFF,66.0761,OFF,0,62.5444,,64.6705,64.6705,64.6705,66.0761,66.1917,,1.4056,1.4056,1.4056,0,-0.1156
2000-08-09 08:13:00 PDT,0.428181,6.26834,OFF,66.0963,OFF,0,62.5826,,64.6945,64.6945,64.6945,66.0963,66.2115,,1.4018,1.4018,1.4018,0,-0.1152
2000-08-09 08:14:00 PDT,0.428181,6.26834,OFF,66.1167,OFF,0,62.6206,,64.7188,64.7188,64.7188,66.1167,66.2316,,1.3979,1.3979,1.3979,0,-0.1149
2000-08-09 08:15:00 PDT,-0.48269,6.26834,OFF,66.1374,OFF,0,62.6582,,64.7434,64.7434,64.7434,66.1374,66.252,,1.394,1.394,1.394,0,-0.1146
2000-08-09 08:16:00 PDT,-0.48269,6.26834,OFF,66.1584,OFF,0,62.6956,,64.7682,64.7682,64.7682,66.1584,66.2727,,1.3902,1.3902,1.3902,0,-0.1143
2000-08-09 08:17:00 PDT,-0.48269,6.26834,OFF,66.1797,OFF,0,62.7326,,64.7933,64.7933,64.7933,66.1797,66.2937,,1.3864,1.3864,1.3864,0,-0.114
2000-08-09 08:18:00 PDT,-0.48269,6.26834,OFF,66.2012,OFF,0,62.7694,,64.8187,64.8187,64.8187,66.2012,66.3149,,1.3825,1.3825,1.3825,0,-0.1137
2000-08-09 08:19:00 PDT,-0.48269,6.26834,OFF,66.223,OFF,0,62.8058,,64.8443,64.8443,64.8443,66.223,66.3364,,1.3787,1.3787,1.3787,0,-0.1134
2000-08-09 08:20:00 PDT,-0.48269,6.26834,OFF,66.2451,OFF,0,62.842,,64.8702,64.8702,64.8702,66.2451,66.3581,,1.3749,1.3749,1.3749,0,-0.113
2000-08-09 08:21:00 PDT,-0.48269,6.26834,OFF,66.2674,OFF,0,62.8778,,64.8963,64.8963,64.8963,66.2674,66.3801,,1.3711,1.3711,1.3711,0,-0.1127
2000-08-09 08:22:00 PDT,-0.48269,6.26834,OFF,66.2899,OFF,0,62.9134,,64.9226,64.9226,64.9226,66.2899,66.4024,,1.3673,1.3673,1.3673,0,-0.1125
2000-08-09 08:23:00 PDT,-0.48269,6.26834,OFF,66.3127,OFF,0,62.9486,,64.9492,64.9492,64.9492,66.3127,66.4248,,1.3635,1.3635,1.3635,0,-0.1121
2000-08-09 08:24:00 PDT,-0.48269,6.26834,OFF,66.3358,OFF,0,62.9836,,64.9759,64.9759,64.9759,66.3358,66.4476,,1.3599,1.3599,1.3599,0,-0.1118
2000-08-09 08:25:00 PDT,-0.48269,6.26834,OFF,66.359,OFF,0,63.0182,,65.003,65.003,65.003,66.359,66.4705,,1.356,1.356,1.356,0,-0.1115
2000-08-09 08:26:00 PDT,-0.48269,6.26834,OFF,66.3825,OFF,0,63.0526,,65.0302,65.0302,65.0302,66.3825,66.4937,,1.3523,1.3523,1.3523,0,-0.1112
2000-08-09 08:27:00 PDT,-0.48269,6.26834,OFF,66.4062,OFF,0,63.0866,,65.0576,65.0576,65.0576,66.4062,66.5171,,1.3486,1.3486,1.3486,0,-0.1109
2000-08-09 08:28:00 PDT,-0.48269,6.26834,OFF,66.4302,OFF,0,63.1204,,65.0853,65.0853,65.0853,66.4302,66.5408,,1.3449,1.3449,1.3449,0,-0.1106
2000-08-09 08:29:00 PDT,-0.48269,6.26834,OFF,66.4543,OFF,0,63.1538,,65.1132,65.1132,65.1132,66.4543,66.5646,,1.3411,1.3411,1.3411,0,-0.1103
2000-08-09 08:30:00 PDT,-1.90486,6.26834,OFF,66.4787,OFF,0,63.187,,65.1412,65.1412,65.1412,66.4787,66.5887,,1.3375,1.3375,1.3375,0,-0.11
2000-08-09 08:31:00 PDT,-1.90486,6.26834,OFF,66.5033,OFF,0,63.2198,,65.1695,65.1695,65.1695,66.5033,66.613,,1.3338,1.3338,1.3338,0,-0.1097
2000-08-09 08:32:00 PDT,-1.90486,6.26834,OFF,66.5281,OFF,0,63.2524,,65.198,65.198,65.198,66.5281,66.6375,,1.3301,1.3301,1.3301,0,-0.1094
2000-08-09 08:33:00 PDT,-1.90486,6.26834,OFF,66.5531,OFF,0,63.2846,,65.2266,65.2266,65.2266,66.5531,66.6621,,1.3265,1.3265,1.3265,0,-0.109
2000-08-09 08:34:00 PDT,-1.90486,6.26834,OFF,66.5783,OFF,0,63.3166,,65.2555,65.2555,65.2555,66.5783,66.687,,1.3228,1.3228,1.3228,0,-0.1087
2000-08-09 08:35:00 PDT,-1.90486,6.26834,OFF,66.6036,OFF,0,63.3482,,65.2845,65.2845,65.2845,66.6036,66.7121,,1.3191,1.3191,1.3191,0,-0.1085
2000-08-09 08:36:00 PDT,-1.90486,6.26834,OFF,66.6292,OFF,0,63.3796,,65.3137,65.3137,65.3137,66.6292,66.7374,,1.3155,1.3155,1.3155,0,-0.1082
2000-08-09 08:37:00 PDT,-1.90486,6.26834,OFF,66.655,OFF,0,63.4106,,65.3431,65.3431,65.3431,66.655,66.7629,,1.3119,1.3119,1.3119,0,-0.1079
2000-08-09 08:38:00 PDT,-1.90486,6.26834,OFF,66.6809,OFF,0,63.4414,,65.3727,65.3727,65.3727,66.6809,66.7885,,1.3082,1.3082,1.3082,0,-0.1076
2000-08-09 08:39:00 PDT,-1.90486,6.26834,OFF,66.7071,OFF,0,63.4718,,65.4024,65.4024,65.4024,66.7071,66.8143,,1.3047,1.3047,1.3047,0,-0.1072
2000-08-09 08:40:00 PDT,-1.90486,6.26834,OFF,66.7334,OFF,0,63.502,,65.4323,65.4323,65.4323,66.7334,66.8404,,1.3011,1.3011,1.3011,0,-0.107
2000-08-09 08:41:00 PDT,-1.90486,6.26834,OFF,66.7599,OFF,0,63.5318,,65.4624,65.4624,65.4624,66.7599,66.8665,,1.2975,1.2975,1.2975,0,-0.1066
2000-08-09 08:42:00 PDT,-1.90486,6.26834,OFF,66.7865,OFF,0,63.5614,,65.4926,65.4926,65.4926,66.7865,66.8929,,1.2939,1.2939,1.2939,0,-0.1064
2000-08-09 08:43:00 PDT,-1.90486,6.26834,OFF,66.8133,OFF,0,63.5906,,65.523,65.523,65.523,66.8133,66.9194,,1.2903,1.2903,1.2903,0,-0.1061
2000-08-09 08:44:00 PDT,-1.90486,6.26834,OFF,66.8403,OFF,0,63.6196,,65.5535,65.5535,65.5535,66.8403,66.9461,,1.2868,1.2868,1.2868,0,-0.1058
2000-08-09 08:45:00 PDT,-3.52469,6.26834,OFF,66.8675,OFF,0,63.6482,,65.5842,65.5842,65.5842,66.8675,66.973,,1.2833,1.2833,1.2833,0,-0.1055
2000-08-09 08:46:00 PDT,-3.52469,6.26834,OFF,66.8948,OFF,0,63.6766,,65.6151,65.6151,65.6151,66.8948,67,,1.2797,1.2797,1.2797,0,-0.1052
2000-08-09 08:47:00 PDT,-3.52469,6.26834,OFF,66.9222,OFF,0,63.7046,,65.6461,65.6461,65.6461,66.9222,67.0272,,1.2761,1.2761,1.2761,0,-0.105
2000-08-09 08:48:00 PDT,-3.52469,6.26834,OFF,66.9499,OFF,0,63.7324,,65.6772,65.6772,65.6772,66.9499,67.0545,,1.2727,1.2727,1.2727,0,-0.1046
2000-08-09 08:49:00 PDT,-3.52469,6.26834,OFF,66.9776,OFF,0,63.7598,,65.7085,65.7085,65.7085,66.9776,67.082,,1.2691,1.2691,1.2691,0,-0.1044
2000-08-09 08:50:00 PDT,-3.52469,6.26834,OFF,67.0055,OFF,0,63.787,,65.7399,65.7399,65.7399,67.0055,67.1096,,1.2656,1.2656,1.2656,0,-0.1041
2000-08-09 08:51:00 PDT,-3.52469,6.26834,OFF,67.0336,OFF,0,63.8138,,65.7714,65.7714,65.7714,67.0336,67.1374,,1.2622,1.2622,1.2622,0,-0.1038
2000-08-09 08:52:00 PDT,-3.52469,6.26834,OFF,67.0618,OFF,0,63.8404,,65.8031,65.8031,65.8031,67.0618,67.1653,,1.2587,1.2587,1.2587,0,-0.1035
2000-08-09 08:53:00 PDT,-3.52469,6.26834,OFF,67.0901,OFF,0,63.8666,,65.8349,65.8349,65.8349,67.0901,67.1933,,1.2552,1.2552,1.2552,0,-0.1032
2000-08-09 08:54:00 PDT,-3.52469,6.26834,OFF,67.1185,OFF,0,63.8926,,65.8668,65.8668,65.8668,67.1185,67.2215,,1.2517,1.2517,1.2517,0,-0.103
2000-08-09 08:55:00 PDT,-3.52469,6.26834,OFF,67.1471,OFF,0,63.9182,,65.8988,65.8988,65.8988,67.1471,67.2498,,1.2483,1.2483,1.2483,0,-0.1027
2000-08-09 08:56:00 PDT,-3.52469,6.26834,OFF,67.1758,OFF,0,63.9436,,65.931,65.931,65.931,67.1758,67.2782,,1.2448,1.2448,1.2448,0,-0.1024
2000-08-09 08:57:00 PDT,-3.52469,6.26834,OFF,67.2047,OFF,0,63.9686,,65.9632,65.9632,65.9632,67.2047,67.3067,,1.2415,1.2415,1.2415,0,-0.102
2000-08-09 08:58:00 PDT,-3.52469,6.26834,OFF,67.2336,OFF,0,63.9934,,65.9956,65.9956,65.9956,67.2336,67.3354,,1.238,1.238,1.238,0,-0.1018
2000-08-09 08:59:00 PDT,-3.52469,6.26834,OFF,67.2627,OFF,0,64.0178,,66.0281,66.0281,66.0281,67.2627,67.3642,,1.2346,1.2346,1.2346,0,-0.1015
2000-08-09 09:00:00 PDT,-5.29799,6.26834,OFF,67.2919,OFF,0,64.042,,66.0607,66.0607,66.0607,67.2919,67.3931,,1.2312,1.2312,1.2312,0,-0.1012
2000-08-09 09:01:00 PDT,-5.29799,6.26834,OFF,67.3211,OFF,0,64.0304,,66.0933,66.0933,66.0933,67.3211,67.4221,,1.2278,1.2278,1.2278,0,-0.101
2000-08-09 09:02:00 PDT,-5.29799,6.26834,OFF,67.3497,OFF,0,64.0198,,66.1253,66.1253,66.1253,67.3497,67.4504,,1.2244,1.2244,1.2244,0,-0.1007
2000-08-09 09:03:00 PDT,-5.29799,6.26834,OFF,67.3777,OFF,0,64.01,,66.1567,66.1567,66.1567,67.3777,67.4781,,1.221,1.221,1.221,0,-0.1004
2000-08-09 09:04:00 PDT,-5.29799,6.26834,OFF,67.4052,OFF,0,64.0012,,66.1876,66.1876,66.1876,67.4052,67.5053,,1.2176,1.2176,1.2176,0,-0.1001
2000-08-09 09:05:00 PDT,-5.29799,6.26834,OFF,67.4324,OFF,0,63.9932,,66.2181,66.2181,66.2181,67.4324,67.5322,,1.2143,1.2143,1.2143,0,-0.0998
2000-08-09 09:06:00 PDT,-5.29799,6.26834,OFF,67.4592,OFF,0,63.9862,,66.2483,66.2483,66.2483,67.4592,67.5588,,1.2109,1.2109,1.2109,0,-0.0996
2000-08-09 09:07:00 PDT,-5.29799,6.26834,OFF,67.4859,OFF,0,63.98,,66.2782,66.2782,66.2782,67.4859,67.5851,,1.2077,1.2077,1.2077,0,-0.0992
2000-08-09 09:08:00 PDT,-5.29799,6.26834,OFF,67.5123,OFF,0,63.9748,,66.308,66.308,66.308,67.5123,67.6113,,1.2043,1.2043,1.2043,0,-0.099
2000-08-09 09:09:00 PDT,-5.29799,6.26834,OFF,67.5386,OFF,0,63.9704,,66.3376,66.3376,66.3376,67.5386,67.6373,,1.201,1.201,1.201,0,-0.0987
2000-08-09 09:10:00 PDT,-5.29799,6.26834,OFF,67.5648,OFF,0,63.967,,66.3671,66.3671,66.3671,67.5648,67.6632,,1.1977,1.1977,1.1977,0,-0.0984
2000-08-09 09:11:00 PDT,-5.29799,6.26834,OFF,67.5909,OFF,0,63.9644,,66.3965,66.3965,66.3965,67.5909,67.6891,,1.1944,1.1944,1.1944,0,-0.0982
2000-08-09 09:12:00 PDT,-5.29799,6.26834,OFF,67.6169,OFF,0,63.9628,,66.4258,66.4258,66.4258,67.6169,67.7149,,1.1911,1.1911,1.1911,0,-0.098
2000-08-09 09:13:00 PDT,-5.29799,6.26834,OFF,67.643,OFF,0,63.962,,66.4552,66.4552,66.4552,67.643,67.7406,,1.1878,1.1878,1.1878,0,-0.0976
2000-08-09 09:14:00 PDT,-5.29799,6.26834,OFF,67.669,OFF,0,63.9622,,66.4844,66.4844,66.4844,67.669,67.7664,,1.1846,1.1846,1.1846,0,-0.0974
2000-08-09 09:15:00 PDT,0,0,OFF,67.695,OFF,0,63.9632,,66.5137,66.5137,66.5137,67.695,67.7921,,1.1813,1.1813,1.1813,0,-0.0971
2000-08-09 09:16:00 PDT,0,0,OFF,67.7211,OFF,0,63.9652,,66.5431,66.5431,66.5431,67.7211,67.8179,,1.178,1.178,1.178,0,-0.0968
2000-08-09 09:17:00 PDT,0,0,OFF,67.7472,OFF,0,63.968,,66.5724,66.5724,66.5724,67.7472,67.8437,,1.1748,1.1748,1.1748,0,-0.0965
2000-08-09 09:18:00 PDT,0,0,OFF,67.7733,OFF,0,63.9718,,66.6018,66.6018,66.6018,67.7733,67.8696,,1.1715,1.1715,1.1715,0,-0.0963
2000-08-09 09:19:00 PDT,0,0,OFF,67.7995,OFF,0,63.9764,,66.6312,66.6312,66.6312,67.7995,67.8955,,1.1683,1.1683,1.1683,0,-0.096
2000-08-09 09:20:00 PDT,0,0,OFF,67.8257,OFF,0,63.982,,66.6606,66.6606,66.6606,67.8257,67.9215,,1.1651,1.1651,1.1651,0,-0.0958
2000-08-09 09:21:00 PDT,0,0,OFF,67.852,OFF,0,63.9884,,66.6902,66.6902,66.6902,67.852,67.9476,,1.1618,1.1618,1.1618,0,-0.0956
2000-08-09 09:22:00 PDT,0,0,OFF,67.8785,OFF,0,63.9958,,66.7198,66.7198,66.7198,67.8785,67.9737,,1.1587,1.1587,1.1587,0,-0.0952
2000-08-09 09:23:00 PDT,0,0,OFF,67.9049,OFF,0,64.004,,66.7495,66.7495,66.7495,67.9049,67.9999,,1.1554,1.1554,1.1554,0,-0.095
2000-08-09 09:24:00 PDT,0,0,OFF,67.9315,OFF,0,64.0132,,66.7792,66.7792,66.7792,67.9315,68.0263,,1.1523,1.1523,1.1523,0,-0.0948
2000-08-09 09:25:00 PDT,0,0,OFF,67.9582,OFF,0,64.0232,,66.8091,66.8091,66.8091,67.9582,68.0527,,1.1491,1.1491,1.1491,0,-0.0945
2000-08-09 09:26:00 PDT,0,0,OFF,67.985,OFF,0,64.0342,,66.839,66.839,66.839,67.985,68.0792,,1.146,1.146,1.146,0,-0.0942
2000-08-09 09:27:00 PDT,0,0,OFF,68.0119,OFF,0,64.046,,66.8691,66.8691,66.8691,68.0119,68.1058,,1.1428,1.1428,1.1428,0,-0.0939
2000-08-09 09:28:00 PDT,0,0,OFF,68.0389,OFF,0,64.0588,,66.8992,66.8992,66.8992,68.0389,68.1326,,1.1397,1.1397,1.1397,0,-0.0937
2000-08-09 09:29:00 PDT,0,0,OFF,68.066,OFF,0,64.0724,,66.9295,66.9295,66.9295,68.066,68.1594,,1.1365,1.1365,1.1365,0,-0.0934
2000-08-09 09:30:00 PDT,0,0,OFF,68.0933,OFF,0,64.087,,66.9599,66.9599,66.9599,68.0933,68.1864,,1.1334,1.1334,1.1334,0,-0.0931
2000-08-09 09:31:00 PDT,0,0,OFF,68.1207,OFF,0,64.1024,,66.9904,66.9904,66.9904,68.1207,68.2136,,1.1303,1.1303,1.1303,0,-0.0929
2000-08-09 09:32:00 PDT,0,0,OFF,68.1482,OFF,0,64.1188,,67.021,67.021,67.021,68.1482,68.2408,,1.1272,1.1272,1.1272,0,-0.0926
2000-08-09 09:33:00 PDT,0,0,OFF,68.1758,OFF,0,64.136,,67.0518,67.0518,67.0518,68.1758,68.2682,,1.124,1.124,1.124,0,-0.0924
2000-08-09 09:34:00 PDT,0,0,OFF,68.2037,OFF,0,64.1542,,67.0827,67.0827,67.0827,68.2037,68.2958,,1.121,1.121,1.121,0,-0.0921
2000-08-09 09:35:00 PDT,0,0,OFF,68.2316,OFF,0,64.1732,,67.1138,67.1138,67.1138,68.2316,68.3235,,1.1178,1.1178,1.1178,0,-0.0919
2000-08-09 09:36:00 PDT,0,0,OFF,68.2597,OFF,0,64.1932,,67.145,67.145,67.145,68.2597,68.3514,,1.1147,1.1147,1.1147,0,-0.0917
2000-08-09 09:37:00 PDT,0,0,OFF,68.288,OFF,0,64.214,,67.1763,67.1763,67.1763,68.288,68.3794,,1.1117,1.1117,1.1117,0,-0.0914
2000-08-09 09:38:00 PDT,0,0,OFF,68.3164,OFF,0,64.2358,,67.2078,67.2078,67.2078,68.3164,68.4076,,1.1086,1.1086,1.1086,0,-0.0912
2000-08-09 09:39:00 PDT,0,0,OFF,68.3451,OFF,0,64.2584,,67.2395,67.2395,67.2395,68.3451,68.4359,,1.1056,1.1056,1.1056,0,-0.0908
2000-08-09 09:40:00 PDT,0,0,OFF,68.3738,OFF,0,64.282,,67.2713,67.2713,67.2713,68.3738,68.4645,,1.1025,1.1025,1.1025,0,-0.0907
2000-08-09 09:41:00 PDT,0,0,OFF,68.4028,OFF,0,64.3064,,67.3033,67.3033,67.3033,68.4028,68.4932,,1.0995,1.0995,1.0995,0,-0.0904
2000-08-09 09:42:00 PDT,0,0,OFF,68.432,OFF,0,64.3318,,67.3355,67.3355,67.3355,68.432,68.5221,,1.0965,1.0965,1.0965,0,-0.0901
2000-08-09 09:43:00 PDT,0,0,OFF,68.4613,OFF,0,64.358,,67.3679,67.3679,67.3679,68.4613,68.5512,,1.0934,1.0934,1.0934,0,-0.0899
2000-08-09 09:44:00 PDT,0,0,OFF,68.4908,OFF,0,64.3852,,67.4004,67.4004,67.4004,68.4908,68.5805,,1.0904,1.0904,1.0904,0,-0.0897
2000-08-09 09:45:00 PDT,0,0,OFF,68.5205,OFF,0,64.4132,,67.4331,67.4331,67.4331,68.5205,68.6099,,1.0874,1.0874,1.0874,0,-0.0894
2000-08-09 09:46:00 PDT,0,0,OFF,68.5505,OFF,0,64.4422,,67.466,67.466,67.466,68.5505,68.6396,,1.0845,1.0845,1.0845,0,-0.0891
2000-08-09 09:47:00 PDT,0,0,OFF,68.5806,OFF,0,64.472,,67.4992,67.4992,67.4992,68.5806,68.6695,,1.0814,1.0814,1.0814,0,-0.0889
2000-08-09 09:48:00 PDT,0,0,OFF,68.6109,OFF,0,64.5028,,67.5325,67.5325,67.5325,68.6109,68.6996,,1.0784,1.0784,1.0784,0,-0.0887
2000-08-09 09:49:00 PDT,0,0,OFF,68.6415,OFF,0,64.5344,,67.566,67.566,67.566,68.6415,68.7299,,1.0755,1.0755,1.0755,0,-0.0884
2000-08-09 09:50:00 PDT,0,0,OFF,68.6723,OFF,0,64.567,,67.5997,67.5997,67.5997,68.6723,68.7604,,1.0726,1.0726,1.0726,0,-0.0881
2000-08-09 09:51:00 PDT,0,0,OFF,68.7032,OFF,0,64.6004,,67.6337,67.6337,67.6337,68.7032,68.7912,,1.0695,1.0695,1.0695,0,-0.088
2000-08-09 09:52:00 PDT,0,0,OFF,68.7345,OFF,0,64.6348,,67.6679,67.6679,67.6679,68.7345,68.8222,,1.0666,1.0666,1.0666,0,-0.0877
2000-08-09 09:53:00 PDT,0,0,OFF,68.7659,OFF,0,64.67,,67.7023,67.7023,67.7023,68.7659,68.8534,,1.0636,1.0636,1.0636,0,-0.0875
2000-08-09 09:54:00 PDT,0,0,OFF,68.7976,OFF,0,64.7062,,67.7369,67.7369,67.7369,68.7976,68.8848,,1.0607,1.0607,1.0607,0,-0.0872
2000-08-09 09:55:00 PDT,0,0,OFF,68.8295,OFF,0,64.7432,,67.7717,67.7717,67.7717,68.8295,68.9165,,1.0578,1.0578,1.0578,0,-0.087
2000-08-09 09:56:00 PDT,0,0,OFF,68.8617,OFF,0,64.7812,,67.8068,67.8068,67.8068,68.8617,68.9484,,1.0549,1.0549,1.0549,0,-0.0867
2000-08-09 09:57:00 PDT,0,0,OFF,68.8941,OFF,0,64.82,,67.8422,67.8422,67.8422,68.8941,68.9806,,1.0519,1.0519,1.0519,0,-0.0865
2000-08-09 09:58:00 PDT,0,0,OFF,68.9268,OFF,0,64.8598,,67.8777,67.8777,67.8777,68.9268,69.0131,,1.0491,1.0491,1.0491,0,-0.0863
2000-08-09 09:59:00 PDT,0,0,OFF,68.9598,OFF,0,64.9004,,67.9136,67.9136,67.9136,68.9598,69.0458,,1.0462,1.0462,1.0462,0,-0.086
2000-08-09 10:00:00 PDT,0,0,OFF,68.993,OFF,0,64.942,,67.9496,67.9496,67.9496,68.993,69.0787,,1.0434,1.0434,1.0434,0,-0.0857
2000-08-09 10:01:00 PDT,0,0,OFF,69.0264,OFF,0,65.0375,,67.986,67.986,67.986,69.0264,69.112,,1.0404,1.0404,1.0404,0,-0.0856
2000-08-09 10:02:00 PDT,0,0,OFF,69.0614,OFF,0,65.1322,,68.0238,68.0238,68.0238,69.0614,69.1467,,1.0376,1.0376,1.0376,0,-0.0853
2000-08-09 10:03:00 PDT,0,0,OFF,69.0976,OFF,0,65.2259,,68.0629,68.0629,68.0629,69.0976,69.1827,,1.0347,1.0347,1.0347,0,-0.0851
2000-08-09 10:04:00 PDT,0,0,OFF,69.135,OFF,0,65.3188,,68.1032,68.1032,68.1032,69.135,69.2199,,1.0318,1.0318,1.0318,0,-0.0849
2000-08-09 10:05:00 PDT,0,0,OFF,69.1734,OFF,0,65.4107,,68.1444,68.1444,68.1444,69.1734,69.258,,1.029,1.029,1.029,0,-0.0846
2000-08-09 10:06:00 PDT,0,0,OFF,69.2127,OFF,0,65.5018,,68.1865,68.1865,68.1865,69.2127,69.297,,1.0262,1.0262,1.0262,0,-0.0843
2000-08-09 10:07:00 PDT,0,0,OFF,69.2527,OFF,0,65.5919,,68.2293,68.2293,68.2293,69.2527,69.3368,,1.0234,1.0234,1.0234,0,-0.0841
2000-08-09 10:08:00 PDT,0,0,OFF,69.2934,OFF,0,65.6812,,68.2729,68.2729,68.2729,69.2934,69.3773,,1.0205,1.0205,1.0205,0,-0.0839
2000-08-09 10:09:00 PDT,0,0,OFF,69.3348,OFF,0,65.7695,,68.3171,68.3171,68.3171,69.3348,69.4185,,1.0177,1.0177,1.0177,0,-0.0837
2000-08-09 10:10:00 PDT,0,0,OFF,69.3768,OFF,0,65.857,,68.3619,68.3619,68.3619,69.3768,69.4602,,1.0149,1.0149,1.0149,0,-0.0834
2000-08-09 10:11:00 PDT,0,0,OFF,69.4193,OFF,0,65.9435,,68.4072,68.4072,68.4072,69.4193,69.5025,,1.0121,1.0121,1.0121,0,-0.0832
2000-08-09 10:12:00 PDT,0,0,OFF,69.4623,OFF,0,66.0292,,68.4529,68.4529,68.4529,69.4623,69.5452,,1.0094,1.0094,1.0094,0,-0.0829
2000-08-09 10:13:00 PDT,0,0,OFF,69.5057,OFF,0,66.1139,,68.4992,68.4992,68.4992,69.5057,69.5885,,1.0065,1.0065,1.0065,0,-0.0828
2000-08-09 10:14:00 PDT,0,0,OFF,69.5496,OFF,0,66.1978,,68.5459,68.5459,68.5459,69.5496,69.6322,,1.0037,1.0037,1.0037,0,-0.0826
2000-08-09 10:15:00 PDT,0,0,OFF,69.594,OFF,0,66.2807,,68.5929,68.5929,68.5929,69.594,69.6762,,1.0011,1.0011,1.0011,0,-0.0822
2000-08-09 10:16:00 PDT,0,0,OFF,69.6387,OFF,0,66.3628,,68.6404,68.6404,68.6404,69.6387,69.7207,,0.9983,0.9983,0.9983,0,-0.082
2000-08-09 10:17:00 PDT,0,0,OFF,69.6837,OFF,0,66.4439,,68.6882,68.6882,68.6882,69.6837,69.7656,,0.9955,0.9955,0.9955,0,-0.0819
2000-08-09 10:18:00 PDT,0,0,OFF,69.7292,OFF,0,66.5242,,68.7364,68.7364,68.7364,69.7292,69.8108,,0.9928,0.9928,0.9928,0,-0.0816
2000-08-09 10:19:00 PDT,0,0,OFF,69.7749,OFF,0,66.6035,,68.7849,68.7849,68.7849,69.7749,69.8563,,0.99,0.99,0.99,0,-0.0814
2000-08-09 10:20:00 PDT,0,0,OFF,69.821,OFF,0,66.682,,68.8337,68.8337,68.8337,69.821,69.9022,,0.9873,0.9873,0.9873,0,-0.0812
2000-08-09 10:21:00 PDT,0,0,OFF,69.8674,OFF,0,66.7595,,68.8829,68.8829,68.8829,69.8674,69.9484,,0.9845,0.9845,0.9845,0,-0.081
2000-08-09 10:22:00 PDT,0,0,OFF,69.9141,OFF,0,66.8362,,68.9323,68.9323,68.9323,69.9141,69.9948,,0.9818,0.9818,0.9818,0,-0.0807
2000-08-09 10:23:00 PDT,0,0,OFF,69.9611,OFF,0,66.9119,,68.9821,68.9821,68.9821,69.9611,70.0416,,0.979,0.979,0.979,0,-0.0805
2000-08-09 10:24:00 PDT,0,0,OFF,70.0084,OFF,0,66.9868,,69.0322,69.0322,69.0322,70.0084,70.0887,,0.9762,0.9762,0.9762,0,-0.0803
2000-08-09 10:25:00 PDT,0,0,OFF,70.056,OFF,0,67.0607,,69.0825,69.0825,69.0825,70.056,70.136,,0.9735,0.9735,0.9735,0,-0.08
2000-08-09 10:26:00 PDT,0,0,OFF,70.1038,OFF,0,67.1338,,69.1331,69.1331,69.1331,70.1038,70.1836,,0.9707,0.9707,0.9707,0,-0.0798
2000-08-09 10:27:00 PDT,0,0,OFF,70.1518,OFF,0,67.2059,,69.1839,69.1839,69.1839,70.1518,70.2314,,0.9679,0.9679,0.9679,0,-0.0796
2000-08-09 10:28:00 PDT,0,0,OFF,70.2002,OFF,0,67.2772,,69.235,69.235,69.235,70.2002,70.2795,,0.9652,0.9652,0.9652,0,-0.0793
2000-08-09 10:29:00 PDT,0,0,OFF,70.2487,OFF,0,67.3475,,69.2863,69.2863,69.2863,70.2487,70.3279,,0.9624,0.9624,0.9624,0,-0.0792
2000-08-09 10:30:00 PDT,0,0,OFF,70.2975,OFF,0,67.417,,69.3378,69.3378,69.3378,70.2975,70.3764,,0.9597,0.9597,0.9597,0,-0.0789
2000-08-09 10:31:00 PDT,0,0,OFF,70.3465,OFF,0,67.4855,,69.3895,69.3895,69.3895,70.3465,70.4252,,0.957,0.957,0.957,0,-0.0787
2000-08-09 10:32:00 PDT,0,0,OFF,70.3957,OFF,0,67.5532,,69.4414,69.4414,69.4414,70.3957,70.4742,,0.9543,0.9543,0.9543,0,-0.0785
2000-08-09 10:33:00 PDT,0,0,OFF,70.4451,OFF,0,67.6199,,69.4935,69.4935,69.4935,70.4451,70.5235,,0.9516,0.9516,0.9516,0,-0.0784
2000-08-09 10:34:00 PDT,0,0,OFF,70.4948,OFF,0,67.6858,,69.5457,69.5457,69.5457,70.4948,70.573,,0.9491,0.9491,0.9491,0,-0.0782
2000-08-09 10:35:00 PDT,0,0,OFF,70.5447,OFF,0,67.7507,,69.5982,69.5982,69.5982,70.5447,70.6227,,0.9465,0.9465,0.9465,0,-0.078
2000-08-09 10:36:00 PDT,0,0,OFF,70.5948,OFF,0,67.8148,,69.6508,69.6508,69.6508,70.5948,70.6725,,0.944,0.944,0.944,0,-0.0777
2000-08-09 10:37:00 PDT,0,0,OFF,70.645,OFF,0,67.8779,,69.7036,69.7036,69.7036,70.645,70.7225,,0.9414,0.9414,0.9414,0,-0.0775
2000-08-09 10:38:00 PDT,0,0,OFF,70.6954,OFF,0,67.9402,,69.7566,69.7566,69.7566,70.6954,70.7727,,0.9388,0.9388,0.9388,0,-0.0773
2000-08-09 10:39:00 PDT,0,0,OFF,70.746,OFF,0,68.0015,,69.8097,69.8097,69.8097,70.746,70.823,,0.9363,0.9363,0.9363,0,-0.077
2000-08-09 10:40:00 PDT,0,0,OFF,70.7966,OFF,0,68.062,,69.863,69.863,69.863,70.7966,70.8735,,0.9336,0.9336,0.9336,0,-0.0769
2000-08-09 10:41:00 PDT,0,0,OFF,70.8475,OFF,0,68.1215,,69.9163,69.9163,69.9163,70.8475,70.9241,,0.9312,0.9312,0.9312,0,-0.0766
2000-08-09 10:42:00 PDT,0,0,OFF,70.8984,OFF,0,68.1802,,69.9699,69.9699,69.9699,70.8984,70.9749,,0.9285,0.9285,0.9285,0,-0.0765
2000-08-09 10:43:00 PDT,0,0,OFF,70.9495,OFF,0,68.2379,,70.0235,70.0235,70.0235,70.9495,71.0258,,0.926,0.926,0.926,0,-0.0763
2000-08-09 10:44:00 PDT,0,0,OFF,71.0008,OFF,0,68.2948,,70.0773,70.0773,70.0773,71.0008,71.0768,,0.9235,0.9235,0.9235,0,-0.076
2000-08-09 10:45:00 PDT,-3.92904,0,OFF,71.0521,OFF,0,68.3507,,70.1311,70.1311,70.1311,71.0521,71.1279,,0.921,0.921,0.921,0,-0.0758
2000-08-09 10:46:00 PDT,-3.92904,0,OFF,71.1035,OFF,0,68.4058,,70.1851,70.1851,70.1851,71.1035,71.1791,,0.9184,0.9184,0.9184,0,-0.0756
2000-08-09 10:47:00 PDT,-3.92904,0,OFF,71.1551,OFF,0,68.4599,,70.2392,70.2392,70.2392,71.1551,71.2304,,0.9159,0.9159,0.9159,0,-0.0753
2000-08-09 10:48:00 PDT,-3.92904,0,OFF,71.2067,OFF,0,68.5132,,70.2933,70.2933,70.2933,71.2067,71.2818,,0.9134,0.9134,0.9134,0,-0.0751
2000-08-09 10:49:00 PDT,-3.92904,0,OFF,71.2584,OFF,0,68.5655,,70.3475,70.3475,70.3475,71.2584,71.3334,,0.9109,0.9109,0.9109,0,-0.075
2000-08-09 10:50:00 PDT,-3.92904,0,OFF,71.3102,OFF,0,68.617,,70.4018,70.4018,70.4018,71.3102,71.3849,,0.9084,0.9084,0.9084,0,-0.0747
2000-08-09 10:51:00 PDT,-3.92904,0,OFF,71.3621,OFF,0,68.6675,,70.4562,70.4562,70.4562,71.3621,71.4366,,0.9059,0.9059,0.9059,0,-0.0745
2000-08-09 10:52:00 PDT,-3.92904,0,OFF,71.414,OFF,0,68.7172,,70.5106,70.5106,70.5106,71.414,71.4883,,0.9034,0.9034,0.9034,0,-0.0743
2000-08-09 10:53:00 PDT,-3.92904,0,OFF,71.466,OFF,0,68.7659,,70.5651,70.5651,70.5651,71.466,71.5401,,0.9009,0.9009,0.9009,0,-0.0741
2000-08-09 10:54:00 PDT,-3.92904,0,OFF,71.518,OFF,0,68.8138,,70.6196,70.6196,70.6196,71.518,71.5919,,0.8984,0.8984,0.8984,0,-0.0739
2000-08-09 10:55:00 PDT,-3.92904,0,OFF,71.5701,OFF,0,68.8607,,70.6742,70.6742,70.6742,71.5701,71.6438,,0.8959,0.8959,0.8959,0,-0.0737
2000-08-09 10:56:00 PDT,-3.92904,0,OFF,71.6222,OFF,0,68.9068,,70.7288,70.7288,70.7288,71.6222,71.6958,,0.8934,0.8934,0.8934,0,-0.0736
2000-08-09 10:57:00 PDT,-3.92904,0,OFF,71.6744,OFF,0,68.9519,,70.7834,70.7834,70.7834,71.6744,71.7477,,0.891,0.891,0.891,0,-0.0733
2000-08-09 10:58:00 PDT,-3.92904,0,OFF,71.7266,OFF,0,68.9962,,70.838,70.838,70.838,71.7266,71.7997,,0.8886,0.8886,0.8886,0,-0.0731
2000-08-09 10:59:00 PDT,-3.92904,0,OFF,71.7788,OFF,0,69.0395,,70.8927,70.8927,70.8927,71.7788,71.8517,,0.8861,0.8861,0.8861,0,-0.0729
2000-08-09 11:00:00 PDT,-0.683598,0,OFF,71.831,OFF,0,69.082,,70.9473,70.9473,70.9473,71.831,71.9037,,0.8837,0.8837,0.8837,0,-0.0727
2000-08-09 11:01:00 PDT,-0.683598,0,OFF,71.8832,OFF,0,69.0881,,71.002,71.002,71.002,71.8832,71.9557,,0.8812,0.8812,0.8812,0,-0.0725
2000-08-09 11:02:00 PDT,-0.683598,0,OFF,71.935,OFF,0,69.0946,,71.0562,71.0562,71.0562,71.935,72.0073,,0.8788,0.8788,0.8788,0,-0.0723
2000-08-09 11:03:00 PDT,-0.683598,0,OFF,71.9863,OFF,0,69.1013,,71.1099,71.1099,71.1099,71.9863,72.0584,,0.8764,0.8764,0.8764,0,-0.0721
2000-08-09 11:04:00 PDT,-0.683598,0,OFF,72.0373,OFF,0,69.1084,,71.1634,71.1634,71.1634,72.0373,72.1092,,0.8739,0.8739,0.8739,0,-0.0719
2000-08-09 11:05:00 PDT,-0.683598,0,OFF,72.0881,OFF,0,69.1157,,71.2165,71.2165,71.2165,72.0881,72.1598,,0.8716,0.8716,0.8716,0,-0.0717
2000-08-09 11:06:00 PDT,-0.683598,0,OFF,72.1386,OFF,0,69.1234,,71.2695,71.2695,71.2695,72.1386,72.2101,,0.8691,0.8691,0.8691,0,-0.0715
2000-08-09 11:07:00 PDT,-0.683598,0,OFF,72.1889,OFF,0,69.1313,,71.3222,71.3222,71.3222,72.1889,72.2602,,0.8667,0.8667,0.8667,0,-0.0713
2000-08-09 11:08:00 PDT,-0.683598,0,OFF,72.2391,OFF,0,69.1396,,71.3747,71.3747,71.3747,72.2391,72.3102,,0.8644,0.8644,0.8644,0,-0.0711
2000-08-09 11:09:00 PDT,-0.683598,0,OFF,72.2891,OFF,0,69.1481,,71.4271,71.4271,71.4271,72.2891,72.36,,0.862,0.862,0.862,0,-0.0709
2000-08-09 11:10:00 PDT,-0.683598,0,OFF,72.3389,OFF,0,69.157,,71.4793,71.4793,71.4793,72.3389,72.4097,,0.8596,0.8596,0.8596,0,-0.0708
2000-08-09 11:11:00 PDT,-0.683598,0,OFF,72.3887,OFF,0,69.1661,,71.5314,71.5314,71.5314,72.3887,72.4592,,0.8573,0.8573,0.8573,0,-0.0705
2000-08-09 11:12:00 PDT,-0.683598,0,OFF,72.4383,OFF,0,69.1756,,71.5834,71.5834,71.5834,72.4383,72.5086,,0.8549,0.8549,0.8549,0,-0.0703
2000-08-09 11:13:00 PDT,-0.683598,0,OFF,72.4878,OFF,0,69.1853,,71.6353,71.6353,71.6353,72.4878,72.558,,0.8525,0.8525,0.8525,0,-0.0702
2000-08-09 11:14:00 PDT,-0.683598,0,OFF,72.5372,OFF,0,69.1954,,71.6871,71.6871,71.6871,72.5372,72.6072,,0.8501,0.8501,0.8501,0,-0.07
2000-08-09 11:15:00 PDT,1.48697,0,OFF,72.5865,OFF,0,69.2057,,71.7387,71.7387,71.7387,72.5865,72.6563,,0.8478,0.8478,0.8478,0,-0.0698
2000-08-09 11:16:00 PDT,1.48697,0,OFF,72.6358,OFF,0,69.2164,,71.7903,71.7903,71.7903,72.6358,72.7053,,0.8455,0.8455,0.8455,0,-0.0695
2000-08-09 11:17:00 PDT,1.48697,0,OFF,72.6849,OFF,0,69.2273,,71.8418,71.8418,71.8418,72.6849,72.7543,,0.8431,0.8431,0.8431,0,-0.0694
2000-08-09 11:18:00 PDT,1.48697,0,OFF,72.734,OFF,0,69.2386,,71.8931,71.8931,71.8931,72.734,72.8031,,0.8409,0.8409,0.8409,0,-0.0691
2000-08-09 11:19:00 PDT,1.48697,0,OFF,72.7829,OFF,0,69.2501,,71.9444,71.9444,71.9444,72.7829,72.8519,,0.8385,0.8385,0.8385,0,-0.069
2000-08-09 11:20:00 PDT,1.48697,0,OFF,72.8318,OFF,0,69.262,,71.9956,71.9956,71.9956,72.8318,72.9006,,0.8362,0.8362,0.8362,0,-0.0688
2000-08-09 11:21:00 PDT,1.48697,0,OFF,72.8805,OFF,0,69.2741,,72.0466,72.0466,72.0466,72.8805,72.9491,,0.8339,0.8339,0.8339,0,-0.0686
2000-08-09 11:22:00 PDT,1.48697,0,OFF,72.9292,OFF,0,69.2866,,72.0976,72.0976,72.0976,72.9292,72.9976,,0.8316,0.8316,0.8316,0,-0.0684
2000-08-09 11:23:00 PDT,1.48697,0,OFF,72.9778,OFF,0,69.2993,,72.1484,72.1484,72.1484,72.9778,73.046,,0.8294,0.8294,0.8294,0,-0.0682
2000-08-09 11:24:00 PDT,1.48697,0,OFF,73.0262,OFF,0,69.3124,,72.1992,72.1992,72.1992,73.0262,72.2605,,0.827,0.827,0.827,0,0.7657
2000-08-09 11:25:00 PDT,2.70706,3.79391,ON,73.0746,COOL,3.79391,69.3257,,72.2498,72.2498,72.2498,73.0746,71.5997,,0.8248,0.8248,0.8248,0,1.4749
2000-08-09 11:26:00 PDT,2.70706,3.79391,ON,72.2899,COOL,3.79125,69.3394,,72.3004,72.3004,72.3004,72.2899,71.0419,,-0.0105,-0.0105,-0.0105,0,1.248
2000-08-09 11:27:00 PDT,2.70706,3.79391,ON,71.6307,COOL,3.79077,69.3533,,72.3508,72.3508,72.3508,71.6307,71.4002,,-0.7201,-0.7201,-0.7201,0,0.2305
2000-08-09 11:28:00 PDT,2.70706,3.79391,ON,71.0734,COOL,3.79452,69.3676,,72.4011,72.4011,72.4011,71.0734,71.7014,,-1.3277,-1.3277,-1.3277,0,-0.628
2000-08-09 11:29:00 PDT,-5.81972,3.79452,OFF,70.5983,OFF,0,69.3821,,72.4513,72.4513,72.4513,70.5983,71.956,,-1.853,-1.853,-1.853,0,-1.3577
2000-08-09 11:30:00 PDT,-4.04571,3.79452,OFF,71.0241,OFF,0,69.397,,72.5013,72.5013,72.5013,71.0241,72.1726,,-1.4772,-1.4772,-1.4772,0,-1.1485
2000-08-09 11:31:00 PDT,-4.04571,3.79452,OFF,71.3803,OFF,0,69.4121,,72.5512,72.5512,72.5512,71.3803,72.3581,,-1.1709,-1.1709,-1.1709,0,-0.9778
2000-08-09 11:32:00 PDT,-4.04571,3.79452,OFF,71.6798,OFF,0,69.4276,,72.601,72.601,72.601,71.6798,72.5182,,-0.9212,-0.9212,-0.9212,0,-0.8384
2000-08-09 11:33:00 PDT,-4.04571,3.79452,OFF,71.933,OFF,0,69.4433,,72.6507,72.6507,72.6507,71.933,72.6577,,-0.7177,-0.7177,-0.7177,0,-0.7247
2000-08-09 11:34:00 PDT,-4.04571,3.79452,OFF,72.1484,OFF,0,69.4594,,72.7002,72.7002,72.7002,72.1484,72.7802,,-0.5518,-0.5518,-0.5518,0,-0.6318
2000-08-09 11:35:00 PDT,-4.04571,3.79452,OFF,72.333,OFF,0,69.4757,,72.7496,72.7496,72.7496,72.333,72.889,,-0.4166,-0.4166,-0.4166,0,-0.556
2000-08-09 11:36:00 PDT,-4.04571,3.79452,OFF,72.4924,OFF,0,69.4924,,72.7989,72.7989,72.7989,72.4924,72.9864,,-0.3065,-0.3065,-0.3065,0,-0.494
2000-08-09 11:37:00 PDT,-4.04571,3.79452,OFF,72.6313,OFF,0,69.5093,,72.848,72.848,72.848,72.6313,73.0746,,-0.2167,-0.2167,-0.2167,0,-0.4433
2000-08-09 11:38:00 PDT,-4.04571,3.79452,OFF,72.7533,OFF,0,69.5266,,72.8969,72.8969,72.8969,72.7533,72.3207,,-0.1436,-0.1436,-0.1436,0,0.4326
2000-08-09 11:39:00 PDT,-4.04571,3.79452,OFF,72.8617,OFF,0,69.5441,,72.9458,72.9458,72.9458,72.8617,71.6858,,-0.0841,-0.0841,-0.0841,0,1.1759
2000-08-09 11:40:00 PDT,-4.04571,3.79452,OFF,72.9588,OFF,0,69.562,,72.9944,72.9944,72.9944,72.9588,71.1477,,-0.0356,-0.0356,-0.0356,0,1.8111
2000-08-09 11:41:00 PDT,-4.04571,3.79452,OFF,73.0467,OFF,0,69.5801,,73.0429,73.0429,73.0429,73.0467,70.6887,,0.0038,0.0038,0.0038,0,2.358
2000-08-09 11:42:00 PDT,2.83827,3.80056,ON,73.1271,COOL,3.80056,69.5986,,73.0912,73.0912,73.0912,73.1271,71.1294,,0.0359,0.0359,0.0359,0,1.9977
2000-08-09 11:43:00 PDT,2.83827,3.80056,ON,72.3677,COOL,3.80215,69.6173,,73.1394,73.1394,73.1394,72.3677,71.4976,,-0.7717,-0.7717,-0.7717,0,0.8701
2000-08-09 11:44:00 PDT,2.83827,3.80056,ON,71.728,COOL,3.80281,69.6364,,73.1874,73.1874,73.1874,71.728,71.8068,,-1.4594,-1.4594,-1.4594,0,-0.0788
2000-08-09 11:45:00 PDT,-3.37021,3.80281,ON,71.1862,COOL,3.80842,69.6557,,73.2352,73.2352,73.2352,71.1862,72.0677,,-2.049,-2.049,-2.049,0,-0.8815
2000-08-09 11:46:00 PDT,-5.29989,3.80842,OFF,70.7231,OFF,0,69.6754,,73.2829,73.2829,73.2829,70.7231,72.2892,,-2.5598,-2.5598,-2.5598,0,-1.5661
2000-08-09 11:47:00 PDT,-5.29989,3.80842,OFF,71.1605,OFF,0,69.6953,,73.3304,73.3304,73.3304,71.1605,72.4786,,-2.1699,-2.1699,-2.1699,0,-1.3181
2000-08-09 11:48:00 PDT,-5.29989,3.80842,OFF,71.5261,OFF,0,69.7156,,73.3777,73.3777,73.3777,71.5261,72.6417,,-1.8516,-1.8516,-1.8516,0,-1.1156
2000-08-09 11:49:00 PDT,-5.29989,3.80842,OFF,71.833,OFF,0,69.7361,,73.4248,73.4248,73.4248,71.833,72.7834,,-1.5918,-1.5918,-1.5918,0,-0.9504
2000-08-09 11:50:00 PDT,-5.29989,3.80842,OFF,72.0919,OFF,0,69.757,,73.4717,73.4717,73.4717,72.0919,72.9076,,-1.3798,-1.3798,-1.3798,0,-0.8157
2000-08-09 11:51:00 PDT,-5.29989,3.80842,OFF,72.3119,OFF,0,69.7781,,73.5184,73.5184,73.5184,72.3119,73.0175,,-1.2065,-1.2065,-1.2065,0,-0.7056
2000-08-09 11:52:00 PDT,-5.29989,3.80842,OFF,72.4998,OFF,0,69.7996,,73.565,73.565,73.565,72.4998,73.1156,,-1.0652,-1.0652,-1.0652,0,-0.6158
2000-08-09 11:53:00 PDT,-5.29989,3.80842,OFF,72.6618,OFF,0,69.8213,,73.6113,73.6113,73.6113,72.6618,72.3688,,-0.9495,-0.9495,-0.9495,0,0.293
2000-08-09 11:54:00 PDT,-5.29989,3.80842,OFF,72.8024,OFF,0,69.8434,,73.6575,73.6575,73.6575,72.8024,71.7392,,-0.8551,-0.8551,-0.8551,0,1.0632
2000-08-09 11:55:00 PDT,-5.29989,3.80842,OFF,72.9256,OFF,0,69.8657,,73.7034,73.7034,73.7034,72.9256,71.2052,,-0.7778,-0.7778,-0.7778,0,1.7204
2000-08-09 11:56:00 PDT,-5.29989,3.80842,OFF,73.0346,OFF,0,69.8884,,73.7492,73.7492,73.7492,73.0346,70.7489,,-0.7146,-0.7146,-0.7146,0,2.2857
2000-08-09 11:57:00 PDT,2.85038,3.8145,ON,73.1319,COOL,3.8145,69.9113,,73.7947,73.7947,73.7947,73.1319,71.1928,,-0.6628,-0.6628,-0.6628,0,1.9391
2000-08-09 11:58:00 PDT,2.85038,3.8145,ON,72.3838,COOL,3.81634,69.9346,,73.8401,73.8401,73.8401,72.3838,71.5635,,-1.4563,-1.4563,-1.4563,0,0.8203
2000-08-09 11:59:00 PDT,2.85038,3.8145,ON,71.7528,COOL,3.81583,69.9581,,73.8852,73.8852,73.8852,71.7528,71.8744,,-2.1324,-2.1324,-2.1324,0,-0.1216
