# file...... house_6def.csv,,,,,,,,,,,,,,,,,,,,,,,,,,,,,,
# date...... Thu Sep  1 17:25:09 2016,,,,,,,,,,,,,,,,,,,,,,,,,,,,,,
# user...... fathima,,,,,,,,,,,,,,,,,,,,,,,,,,,,,,
# host...... (null),,,,,,,,,,,,,,,,,,,,,,,,,,,,,,
# target.... controller 76,,,,,,,,,,,,,,,,,,,,,,,,,,,,,,
# trigger... (none),,,,,,,,,,,,,,,,,,,,,,,,,,,,,,
# interval.. 60,,,,,,,,,Test Case,,,,,,,,,All houses,,,,,,,,,,,,
# limit..... -2147483648,,,,,,,,,,,,,,,,,,,,,,,,,,,,,,
# timestamp,bid_price,bid_quantity,house11:power_state,house11:air_temperature,house11:system_mode,house11:hvac_load,house11:outdoor_temperature,,bid_price,bid_quantity,house11:power_state,house11:air_temperature,,,,,,bid_price,bid_quantity,house11:power_state,house11:air_temperature,,,,,,,,,
2000-08-09 00:00:00 PDT,0,0,OFF,70,OFF,0,57.922,,0,0,OFF,70,,0,0,0,,0,0,OFF,70,,,0,0,0,,0,0,0
2000-08-09 00:01:00 PDT,0,0,OFF,69.8515,OFF,0,57.8996,,0,0,OFF,69.8515,,0,0,0,,0,0,OFF,69.8515,,,0,0,0,,0,0,0
2000-08-09 00:02:00 PDT,0,0,OFF,69.7255,OFF,0,57.8775,,0,0,OFF,69.7255,,0,0,0,,0,0,OFF,69.7255,,,0,0,0,,0,0,0
2000-08-09 00:03:00 PDT,0,0,OFF,69.6179,OFF,0,57.8556,,0,0,OFF,69.6179,,0,0,0,,0,0,OFF,69.6179,,,0,0,0,,0,0,0
2000-08-09 00:04:00 PDT,0,0,OFF,69.5253,OFF,0,57.834,,0,0,OFF,69.5253,,0,0,0,,0,0,OFF,69.5253,,,0,0,0,,0,0,0
2000-08-09 00:05:00 PDT,0,0,OFF,69.4449,OFF,0,57.8126,,0,0,OFF,69.4449,,0,0,0,,0,0,OFF,69.4449,,,0,0,0,,0,0,0
2000-08-09 00:06:00 PDT,0,0,OFF,69.3746,OFF,0,57.7915,,0,0,OFF,69.3746,,0,0,0,,0,0,OFF,69.3746,,,0,0,0,,0,0,0
2000-08-09 00:07:00 PDT,0,0,OFF,69.3123,OFF,0,57.7706,,0,0,OFF,69.3123,,0,0,0,,0,0,OFF,69.3123,,,0,0,0,,0,0,0
2000-08-09 00:08:00 PDT,0,0,OFF,69.2567,OFF,0,57.75,,0,0,OFF,69.2567,,0,0,0,,0,0,OFF,69.2567,,,0,0,0,,0,0,0
2000-08-09 00:09:00 PDT,0,0,OFF,69.2066,OFF,0,57.7296,,0,0,OFF,69.2066,,0,0,0,,0,0,OFF,69.2066,,,0,0,0,,0,0,0
2000-08-09 00:10:00 PDT,0,0,OFF,69.1609,OFF,0,57.7095,,0,0,OFF,69.1609,,0,0,0,,0,0,OFF,69.1609,,,0,0,0,,0,0,0
2000-08-09 00:11:00 PDT,0,0,OFF,69.1188,OFF,0,57.6896,,0,0,OFF,69.1188,,0,0,0,,0,0,OFF,69.1188,,,0,0,0,,0,0,0
2000-08-09 00:12:00 PDT,0,0,OFF,69.0796,OFF,0,57.67,,0,0,OFF,69.0796,,0,0,0,,0,0,OFF,69.0796,,,0,0,0,,0,0,0
2000-08-09 00:13:00 PDT,0,0,OFF,69.0429,OFF,0,57.6506,,0,0,OFF,69.0429,,0,0,0,,0,0,OFF,69.0429,,,0,0,0,,0,0,0
2000-08-09 00:14:00 PDT,0,0,OFF,69.0082,OFF,0,57.6315,,0,0,OFF,69.0082,,0,0,0,,0,0,OFF,69.0082,,,0,0,0,,0,0,0
2000-08-09 00:15:00 PDT,0,0,OFF,68.975,OFF,0,57.6126,,0,0,OFF,68.975,,0,0,0,,0,0,OFF,68.975,,,0,0,0,,0,0,0
2000-08-09 00:16:00 PDT,0,0,OFF,68.9433,OFF,0,57.594,,0,0,OFF,68.9433,,0,0,0,,0,0,OFF,68.9433,,,0,0,0,,0,0,0
2000-08-09 00:17:00 PDT,0,0,OFF,68.9126,OFF,0,57.5756,,0,0,OFF,68.9126,,0,0,0,,0,0,OFF,68.9126,,,0,0,0,,0,0,0
2000-08-09 00:18:00 PDT,0,0,OFF,68.8798,OFF,0,57.5575,,0,0,OFF,68.8798,,0,0,0,,0,0,OFF,68.8798,,,0,0,0,,0,0,0
2000-08-09 00:19:00 PDT,0,0,OFF,68.848,OFF,0,57.5396,,0,0,OFF,68.848,,0,0,0,,0,0,OFF,68.848,,,0,0,0,,0,0,0
2000-08-09 00:20:00 PDT,0,0,OFF,68.8172,OFF,0,57.522,,0,0,OFF,68.8172,,0,0,0,,0,0,OFF,68.8172,,,0,0,0,,0,0,0
2000-08-09 00:21:00 PDT,0,0,OFF,68.7871,OFF,0,57.5046,,0,0,OFF,68.7871,,0,0,0,,0,0,OFF,68.7871,,,0,0,0,,0,0,0
2000-08-09 00:22:00 PDT,0,0,OFF,68.7576,OFF,0,57.4875,,0,0,OFF,68.7576,,0,0,0,,0,0,OFF,68.7576,,,0,0,0,,0,0,0
2000-08-09 00:23:00 PDT,0,0,OFF,68.7286,OFF,0,57.4706,,0,0,OFF,68.7286,,0,0,0,,0,0,OFF,68.7286,,,0,0,0,,0,0,0
2000-08-09 00:24:00 PDT,0,0,OFF,68.7,OFF,0,57.454,,0,0,OFF,68.7,,0,0,0,,0,0,OFF,68.7,,,0,0,0,,0,0,0
2000-08-09 00:25:00 PDT,0,0,OFF,68.6718,OFF,0,57.4376,,0,0,OFF,68.6718,,0,0,0,,0,0,OFF,68.6718,,,0,0,0,,0,0,0
2000-08-09 00:26:00 PDT,0,0,OFF,68.6439,OFF,0,57.4215,,0,0,OFF,68.6439,,0,0,0,,0,0,OFF,68.6439,,,0,0,0,,0,0,0
2000-08-09 00:27:00 PDT,0,0,OFF,68.6162,OFF,0,57.4056,,0,0,OFF,68.6162,,0,0,0,,0,0,OFF,68.6162,,,0,0,0,,0,0,0
2000-08-09 00:28:00 PDT,0,0,OFF,68.5888,OFF,0,57.39,,0,0,OFF,68.5888,,0,0,0,,0,0,OFF,68.5888,,,0,0,0,,0,0,0
2000-08-09 00:29:00 PDT,0,0,OFF,68.5615,OFF,0,57.3746,,0,0,OFF,68.5615,,0,0,0,,0,0,OFF,68.5615,,,0,0,0,,0,0,0
2000-08-09 00:30:00 PDT,0,0,OFF,68.5343,OFF,0,57.3595,,0,0,OFF,68.5343,,0,0,0,,0,0,OFF,68.5343,,,0,0,0,,0,0,0
2000-08-09 00:31:00 PDT,0,0,OFF,68.5073,OFF,0,57.3446,,0,0,OFF,68.5073,,0,0,0,,0,0,OFF,68.5073,,,0,0,0,,0,0,0
2000-08-09 00:32:00 PDT,0,0,OFF,68.4805,OFF,0,57.33,,0,0,OFF,68.4805,,0,0,0,,0,0,OFF,68.4805,,,0,0,0,,0,0,0
2000-08-09 00:33:00 PDT,0,0,OFF,68.4537,OFF,0,57.3156,,0,0,OFF,68.4537,,0,0,0,,0,0,OFF,68.4537,,,0,0,0,,0,0,0
2000-08-09 00:34:00 PDT,0,0,OFF,68.427,OFF,0,57.3015,,0,0,OFF,68.427,,0,0,0,,0,0,OFF,68.427,,,0,0,0,,0,0,0
2000-08-09 00:35:00 PDT,0,0,OFF,68.4005,OFF,0,57.2876,,0,0,OFF,68.4005,,0,0,0,,0,0,OFF,68.4005,,,0,0,0,,0,0,0
2000-08-09 00:36:00 PDT,0,0,OFF,68.374,OFF,0,57.274,,0,0,OFF,68.374,,0,0,0,,0,0,OFF,68.374,,,0,0,0,,0,0,0
2000-08-09 00:37:00 PDT,0,0,OFF,68.3475,OFF,0,57.2606,,0,0,OFF,68.3475,,0,0,0,,0,0,OFF,68.3475,,,0,0,0,,0,0,0
2000-08-09 00:38:00 PDT,0,0,OFF,68.3212,OFF,0,57.2475,,0,0,OFF,68.3212,,0,0,0,,0,0,OFF,68.3212,,,0,0,0,,0,0,0
2000-08-09 00:39:00 PDT,0,0,OFF,68.2949,OFF,0,57.2346,,0,0,OFF,68.2949,,0,0,0,,0,0,OFF,68.2949,,,0,0,0,,0,0,0
2000-08-09 00:40:00 PDT,0,0,OFF,68.2687,OFF,0,57.222,,0,0,OFF,68.2687,,0,0,0,,0,0,OFF,68.2687,,,0,0,0,,0,0,0
2000-08-09 00:41:00 PDT,0,0,OFF,68.2426,OFF,0,57.2096,,0,0,OFF,68.2426,,0,0,0,,0,0,OFF,68.2426,,,0,0,0,,0,0,0
2000-08-09 00:42:00 PDT,0,0,OFF,68.2165,OFF,0,57.1975,,0,0,OFF,68.2165,,0,0,0,,0,0,OFF,68.2165,,,0,0,0,,0,0,0
2000-08-09 00:43:00 PDT,0,0,OFF,68.1904,OFF,0,57.1856,,0,0,OFF,68.1904,,0,0,0,,0,0,OFF,68.1904,,,0,0,0,,0,0,0
2000-08-09 00:44:00 PDT,0,0,OFF,68.1645,OFF,0,57.174,,0,0,OFF,68.1645,,0,0,0,,0,0,OFF,68.1645,,,0,0,0,,0,0,0
2000-08-09 00:45:00 PDT,0,0,OFF,68.1386,OFF,0,57.1626,,0,0,OFF,68.1386,,0,0,0,,0,0,OFF,68.1386,,,0,0,0,,0,0,0
2000-08-09 00:46:00 PDT,0,0,OFF,68.1127,OFF,0,57.1515,,0,0,OFF,68.1127,,0,0,0,,0,0,OFF,68.1127,,,0,0,0,,0,0,0
2000-08-09 00:47:00 PDT,0,0,OFF,68.0869,OFF,0,57.1406,,0,0,OFF,68.0869,,0,0,0,,0,0,OFF,68.0869,,,0,0,0,,0,0,0
2000-08-09 00:48:00 PDT,0,0,OFF,68.0612,OFF,0,57.13,,0,0,OFF,68.0612,,0,0,0,,0,0,OFF,68.0612,,,0,0,0,,0,0,0
2000-08-09 00:49:00 PDT,0,0,OFF,68.0355,OFF,0,57.1196,,0,0,OFF,68.0355,,0,0,0,,0,0,OFF,68.0355,,,0,0,0,,0,0,0
2000-08-09 00:50:00 PDT,0,0,OFF,68.0099,OFF,0,57.1095,,0,0,OFF,68.0099,,0,0,0,,0,0,OFF,68.0099,,,0,0,0,,0,0,0
2000-08-09 00:51:00 PDT,0,0,OFF,67.9843,OFF,0,57.0996,,0,0,OFF,67.9843,,0,0,0,,0,0,OFF,67.9843,,,0,0,0,,0,0,0
2000-08-09 00:52:00 PDT,0,0,OFF,67.9589,OFF,0,57.09,,0,0,OFF,67.9589,,0,0,0,,0,0,OFF,67.9589,,,0,0,0,,0,0,0
2000-08-09 00:53:00 PDT,0,0,OFF,67.9334,OFF,0,57.0806,,0,0,OFF,67.9334,,0,0,0,,0,0,OFF,67.9334,,,0,0,0,,0,0,0
2000-08-09 00:54:00 PDT,0,0,OFF,67.908,OFF,0,57.0715,,0,0,OFF,67.908,,0,0,0,,0,0,OFF,67.908,,,0,0,0,,0,0,0
2000-08-09 00:55:00 PDT,0,0,OFF,67.8827,OFF,0,57.0626,,0,0,OFF,67.8827,,0,0,0,,0,0,OFF,67.8827,,,0,0,0,,0,0,0
2000-08-09 00:56:00 PDT,0,0,OFF,67.8575,OFF,0,57.054,,0,0,OFF,67.8575,,0,0,0,,0,0,OFF,67.8575,,,0,0,0,,0,0,0
2000-08-09 00:57:00 PDT,0,0,OFF,67.8323,OFF,0,57.0456,,0,0,OFF,67.8323,,0,0,0,,0,0,OFF,67.8323,,,0,0,0,,0,0,0
2000-08-09 00:58:00 PDT,0,0,OFF,67.8071,OFF,0,57.0375,,0,0,OFF,67.8071,,0,0,0,,0,0,OFF,67.8071,,,0,0,0,,0,0,0
2000-08-09 00:59:00 PDT,0,0,OFF,67.7821,OFF,0,57.0296,,0,0,OFF,67.7821,,0,0,0,,0,0,OFF,67.7821,,,0,0,0,,0,0,0
2000-08-09 01:00:00 PDT,0,0,OFF,67.7571,OFF,0,57.022,,0,0,OFF,67.7571,,0,0,0,,0,0,OFF,67.7571,,,0,0,0,,0,0,0
2000-08-09 01:01:00 PDT,0,0,OFF,67.7321,OFF,0,57.0308,,0,0,OFF,67.7321,,0,0,0,,0,0,OFF,67.7321,,,0,0,0,,0,0,0
2000-08-09 01:02:00 PDT,0,0,OFF,67.7074,OFF,0,57.0394,,0,0,OFF,67.7074,,0,0,0,,0,0,OFF,67.7074,,,0,0,0,,0,0,0
2000-08-09 01:03:00 PDT,0,0,OFF,67.683,OFF,0,57.0476,,0,0,OFF,67.683,,0,0,0,,0,0,OFF,67.683,,,0,0,0,,0,0,0
2000-08-09 01:04:00 PDT,0,0,OFF,67.6588,OFF,0,57.0556,,0,0,OFF,67.6588,,0,0,0,,0,0,OFF,67.6588,,,0,0,0,,0,0,0
2000-08-09 01:05:00 PDT,0,0,OFF,67.6348,OFF,0,57.0632,,0,0,OFF,67.6348,,0,0,0,,0,0,OFF,67.6348,,,0,0,0,,0,0,0
2000-08-09 01:06:00 PDT,0,0,OFF,67.6109,OFF,0,57.0706,,0,0,OFF,67.6109,,0,0,0,,0,0,OFF,67.6109,,,0,0,0,,0,0,0
2000-08-09 01:07:00 PDT,0,0,OFF,67.5872,OFF,0,57.0776,,0,0,OFF,67.5872,,0,0,0,,0,0,OFF,67.5872,,,0,0,0,,0,0,0
2000-08-09 01:08:00 PDT,0,0,OFF,67.5636,OFF,0,57.0844,,0,0,OFF,67.5636,,0,0,0,,0,0,OFF,67.5636,,,0,0,0,,0,0,0
2000-08-09 01:09:00 PDT,0,0,OFF,67.5401,OFF,0,57.0908,,0,0,OFF,67.5401,,0,0,0,,0,0,OFF,67.5401,,,0,0,0,,0,0,0
2000-08-09 01:10:00 PDT,0,0,OFF,67.5168,OFF,0,57.097,,0,0,OFF,67.5168,,0,0,0,,0,0,OFF,67.5168,,,0,0,0,,0,0,0
2000-08-09 01:11:00 PDT,0,0,OFF,67.4935,OFF,0,57.1028,,0,0,OFF,67.4935,,0,0,0,,0,0,OFF,67.4935,,,0,0,0,,0,0,0
2000-08-09 01:12:00 PDT,0,0,OFF,67.4703,OFF,0,57.1084,,0,0,OFF,67.4703,,0,0,0,,0,0,OFF,67.4703,,,0,0,0,,0,0,0
2000-08-09 01:13:00 PDT,0,0,OFF,67.4472,OFF,0,57.1136,,0,0,OFF,67.4472,,0,0,0,,0,0,OFF,67.4472,,,0,0,0,,0,0,0
2000-08-09 01:14:00 PDT,0,0,OFF,67.4242,OFF,0,57.1186,,0,0,OFF,67.4242,,0,0,0,,0,0,OFF,67.4242,,,0,0,0,,0,0,0
2000-08-09 01:15:00 PDT,-5.69684,0,OFF,67.4012,OFF,0,57.1232,,-5.69684,0,OFF,67.4012,,0,0,0,,-5.69684,0,OFF,67.4012,,,0,0,0,,0,0,0
2000-08-09 01:16:00 PDT,-5.69684,0,OFF,67.3784,OFF,0,57.1276,,-5.69684,0,OFF,67.3784,,0,0,0,,-5.69684,0,OFF,67.3784,,,0,0,0,,0,0,0
2000-08-09 01:17:00 PDT,-5.69684,0,OFF,67.3556,OFF,0,57.1316,,-5.69684,0,OFF,67.3556,,0,0,0,,-5.69684,0,OFF,67.3556,,,0,0,0,,0,0,0
2000-08-09 01:18:00 PDT,-5.69684,0,OFF,67.3317,OFF,0,57.1354,,-5.69684,0,OFF,67.3317,,0,0,0,,-5.69684,0,OFF,67.3317,,,0,0,0,,0,0,0
2000-08-09 01:19:00 PDT,-5.69684,0,OFF,67.3081,OFF,0,57.1388,,-5.69684,0,OFF,67.3081,,0,0,0,,-5.69684,0,OFF,67.3081,,,0,0,0,,0,0,0
2000-08-09 01:20:00 PDT,-5.69684,0,OFF,67.2846,OFF,0,57.142,,-5.69684,0,OFF,67.2846,,0,0,0,,-5.69684,0,OFF,67.2846,,,0,0,0,,0,0,0
2000-08-09 01:21:00 PDT,-5.69684,0,OFF,67.2612,OFF,0,57.1448,,-5.69684,0,OFF,67.2612,,0,0,0,,-5.69684,0,OFF,67.2612,,,0,0,0,,0,0,0
2000-08-09 01:22:00 PDT,-5.69684,0,OFF,67.238,OFF,0,57.1474,,-5.69684,0,OFF,67.238,,0,0,0,,-5.69684,0,OFF,67.238,,,0,0,0,,0,0,0
2000-08-09 01:23:00 PDT,-5.69684,0,OFF,67.2149,OFF,0,57.1496,,-5.69684,0,OFF,67.2149,,0,0,0,,-5.69684,0,OFF,67.2149,,,0,0,0,,0,0,0
2000-08-09 01:24:00 PDT,-5.69684,0,OFF,67.1919,OFF,0,57.1516,,-5.69684,0,OFF,67.1919,,0,0,0,,-5.69684,0,OFF,67.1919,,,0,0,0,,0,0,0
2000-08-09 01:25:00 PDT,-5.69684,0,OFF,67.1689,OFF,0,57.1532,,-5.69684,0,OFF,67.1689,,0,0,0,,-5.69684,0,OFF,67.1689,,,0,0,0,,0,0,0
2000-08-09 01:26:00 PDT,-5.69684,0,OFF,67.1461,OFF,0,57.1546,,-5.69684,0,OFF,67.1461,,0,0,0,,-5.69684,0,OFF,67.1461,,,0,0,0,,0,0,0
2000-08-09 01:27:00 PDT,-5.69684,0,OFF,67.1233,OFF,0,57.1556,,-5.69684,0,OFF,67.1233,,0,0,0,,-5.69684,0,OFF,67.1233,,,0,0,0,,0,0,0
2000-08-09 01:28:00 PDT,-5.69684,0,OFF,67.1006,OFF,0,57.1564,,-5.69684,0,OFF,67.1006,,0,0,0,,-5.69684,0,OFF,67.1006,,,0,0,0,,0,0,0
2000-08-09 01:29:00 PDT,-5.69684,0,OFF,67.078,OFF,0,57.1568,,-5.69684,0,OFF,67.078,,0,0,0,,-5.69684,0,OFF,67.078,,,0,0,0,,0,0,0
2000-08-09 01:30:00 PDT,-4.25571,0,OFF,67.0554,OFF,0,57.157,,-4.25571,0,OFF,67.0554,,0,0,0,,-4.25571,0,OFF,67.0554,,,0,0,0,,0,0,0
2000-08-09 01:31:00 PDT,-4.25571,0,OFF,67.0328,OFF,0,57.1568,,-4.25571,0,OFF,67.0328,,0,0,0,,-4.25571,0,OFF,67.0328,,,0,0,0,,0,0,0
2000-08-09 01:32:00 PDT,-4.25571,0,OFF,67.0104,OFF,0,57.1564,,-4.25571,0,OFF,67.0104,,0,0,0,,-4.25571,0,OFF,67.0104,,,0,0,0,,0,0,0
2000-08-09 01:33:00 PDT,-4.25571,0,OFF,66.9879,OFF,0,57.1556,,-4.25571,0,OFF,66.9879,,0,0,0,,-4.25571,0,OFF,66.9879,,,0,0,0,,0,0,0
2000-08-09 01:34:00 PDT,-4.25571,0,OFF,66.9656,OFF,0,57.1546,,-4.25571,0,OFF,66.9656,,0,0,0,,-4.25571,0,OFF,66.9656,,,0,0,0,,0,0,0
2000-08-09 01:35:00 PDT,-4.25571,0,OFF,66.9432,OFF,0,57.1532,,-4.25571,0,OFF,66.9432,,0,0,0,,-4.25571,0,OFF,66.9432,,,0,0,0,,0,0,0
2000-08-09 01:36:00 PDT,-4.25571,0,OFF,66.921,OFF,0,57.1516,,-4.25571,0,OFF,66.921,,0,0,0,,-4.25571,0,OFF,66.921,,,0,0,0,,0,0,0
2000-08-09 01:37:00 PDT,-4.25571,0,OFF,66.8987,OFF,0,57.1496,,-4.25571,0,OFF,66.8987,,0,0,0,,-4.25571,0,OFF,66.8987,,,0,0,0,,0,0,0
2000-08-09 01:38:00 PDT,-4.25571,0,OFF,66.8765,OFF,0,57.1474,,-4.25571,0,OFF,66.8765,,0,0,0,,-4.25571,0,OFF,66.8765,,,0,0,0,,0,0,0
2000-08-09 01:39:00 PDT,-4.25571,0,OFF,66.8543,OFF,0,57.1448,,-4.25571,0,OFF,66.8543,,0,0,0,,-4.25571,0,OFF,66.8543,,,0,0,0,,0,0,0
2000-08-09 01:40:00 PDT,-4.25571,0,OFF,66.8322,OFF,0,57.142,,-4.25571,0,OFF,66.8322,,0,0,0,,-4.25571,0,OFF,66.8322,,,0,0,0,,0,0,0
2000-08-09 01:41:00 PDT,-4.25571,0,OFF,66.8101,OFF,0,57.1388,,-4.25571,0,OFF,66.8101,,0,0,0,,-4.25571,0,OFF,66.8101,,,0,0,0,,0,0,0
2000-08-09 01:42:00 PDT,-4.25571,0,OFF,66.7881,OFF,0,57.1354,,-4.25571,0,OFF,66.7881,,0,0,0,,-4.25571,0,OFF,66.7881,,,0,0,0,,0,0,0
2000-08-09 01:43:00 PDT,-4.25571,0,OFF,66.7661,OFF,0,57.1316,,-4.25571,0,OFF,66.7661,,0,0,0,,-4.25571,0,OFF,66.7661,,,0,0,0,,0,0,0
2000-08-09 01:44:00 PDT,-4.25571,0,OFF,66.7441,OFF,0,57.1276,,-4.25571,0,OFF,66.7441,,0,0,0,,-4.25571,0,OFF,66.7441,,,0,0,0,,0,0,0
2000-08-09 01:45:00 PDT,-2.89159,0,OFF,66.7221,OFF,0,57.1232,,0,0,OFF,66.7221,,-2.89159,0,0,,0,0,OFF,66.7221,,,-2.89159,0,0,,0,0,0
2000-08-09 01:46:00 PDT,-2.89159,0,OFF,66.7002,OFF,0,57.1186,,0,0,OFF,66.7002,,-2.89159,0,0,,0,0,OFF,66.7002,,,-2.89159,0,0,,0,0,0
2000-08-09 01:47:00 PDT,-2.89159,0,OFF,66.6783,OFF,0,57.1136,,0,0,OFF,66.6783,,-2.89159,0,0,,0,0,OFF,66.6783,,,-2.89159,0,0,,0,0,0
2000-08-09 01:48:00 PDT,-2.89159,0,OFF,66.6564,OFF,0,57.1084,,0,0,OFF,66.6564,,-2.89159,0,0,,0,0,OFF,66.6564,,,-2.89159,0,0,,0,0,0
2000-08-09 01:49:00 PDT,-2.89159,0,OFF,66.6346,OFF,0,57.1028,,0,0,OFF,66.6346,,-2.89159,0,0,,0,0,OFF,66.6346,,,-2.89159,0,0,,0,0,0
2000-08-09 01:50:00 PDT,-2.89159,0,OFF,66.6128,OFF,0,57.097,,0,0,OFF,66.6128,,-2.89159,0,0,,0,0,OFF,66.6128,,,-2.89159,0,0,,0,0,0
2000-08-09 01:51:00 PDT,-2.89159,0,OFF,66.591,OFF,0,57.0908,,0,0,OFF,66.591,,-2.89159,0,0,,0,0,OFF,66.591,,,-2.89159,0,0,,0,0,0
2000-08-09 01:52:00 PDT,-2.89159,0,OFF,66.5693,OFF,0,57.0844,,0,0,OFF,66.5693,,-2.89159,0,0,,0,0,OFF,66.5693,,,-2.89159,0,0,,0,0,0
2000-08-09 01:53:00 PDT,-2.89159,0,OFF,66.5475,OFF,0,57.0776,,0,0,OFF,66.5475,,-2.89159,0,0,,0,0,OFF,66.5475,,,-2.89159,0,0,,0,0,0
2000-08-09 01:54:00 PDT,-2.89159,0,OFF,66.5258,OFF,0,57.0706,,0,0,OFF,66.5258,,-2.89159,0,0,,0,0,OFF,66.5258,,,-2.89159,0,0,,0,0,0
2000-08-09 01:55:00 PDT,-2.89159,0,OFF,66.5042,OFF,0,57.0632,,0,0,OFF,66.5042,,-2.89159,0,0,,0,0,OFF,66.5042,,,-2.89159,0,0,,0,0,0
2000-08-09 01:56:00 PDT,-2.89159,0,OFF,66.4825,OFF,0,57.0556,,0,0,OFF,66.4825,,-2.89159,0,0,,0,0,OFF,66.4825,,,-2.89159,0,0,,0,0,0
2000-08-09 01:57:00 PDT,-2.89159,0,OFF,66.4609,OFF,0,57.0476,,0,0,OFF,66.4609,,-2.89159,0,0,,0,0,OFF,66.4609,,,-2.89159,0,0,,0,0,0
2000-08-09 01:58:00 PDT,-2.89159,0,OFF,66.4392,OFF,0,57.0394,,0,0,OFF,66.4392,,-2.89159,0,0,,0,0,OFF,66.4392,,,-2.89159,0,0,,0,0,0
2000-08-09 01:59:00 PDT,-2.89159,0,OFF,66.4176,OFF,0,57.0308,,0,0,OFF,66.4176,,-2.89159,0,0,,0,0,OFF,66.4176,,,-2.89159,0,0,,0,0,0
2000-08-09 02:00:00 PDT,-1.53373,0,OFF,66.3961,OFF,0,57.022,,0,0,OFF,66.3961,,-1.53373,0,0,,0,0,OFF,66.3961,,,-1.53373,0,0,,0,0,0
2000-08-09 02:01:00 PDT,-1.53373,0,OFF,66.3745,OFF,0,56.9863,,0,0,OFF,66.3745,,-1.53373,0,0,,0,0,OFF,66.3745,,,-1.53373,0,0,,0,0,0
2000-08-09 02:02:00 PDT,-1.53373,0,OFF,66.3526,OFF,0,56.9512,,0,0,OFF,66.3526,,-1.53373,0,0,,0,0,OFF,66.3526,,,-1.53373,0,0,,0,0,0
2000-08-09 02:03:00 PDT,-1.53373,0,OFF,66.3304,OFF,0,56.9167,,0,0,OFF,66.3304,,-1.53373,0,0,,0,0,OFF,66.3304,,,-1.53373,0,0,,0,0,0
2000-08-09 02:04:00 PDT,-1.53373,0,OFF,66.308,OFF,0,56.8828,,0,0,OFF,66.308,,-1.53373,0,0,,0,0,OFF,66.308,,,-1.53373,0,0,,0,0,0
2000-08-09 02:05:00 PDT,-1.53373,0,OFF,66.2854,OFF,0,56.8495,,0,0,OFF,66.2854,,-1.53373,0,0,,0,0,OFF,66.2854,,,-1.53373,0,0,,0,0,0
2000-08-09 02:06:00 PDT,-1.53373,0,OFF,66.2627,OFF,0,56.8168,,0,0,OFF,66.2627,,-1.53373,0,0,,0,0,OFF,66.2627,,,-1.53373,0,0,,0,0,0
2000-08-09 02:07:00 PDT,-1.53373,0,OFF,66.2398,OFF,0,56.7847,,0,0,OFF,66.2398,,-1.53373,0,0,,0,0,OFF,66.2398,,,-1.53373,0,0,,0,0,0
2000-08-09 02:08:00 PDT,-1.53373,0,OFF,66.2169,OFF,0,56.7532,,0,0,OFF,66.2169,,-1.53373,0,0,,0,0,OFF,66.2169,,,-1.53373,0,0,,0,0,0
2000-08-09 02:09:00 PDT,-1.53373,0,OFF,66.1938,OFF,0,56.7223,,0,0,OFF,66.1938,,-1.53373,0,0,,0,0,OFF,66.1938,,,-1.53373,0,0,,0,0,0
2000-08-09 02:10:00 PDT,-1.53373,0,OFF,66.1708,OFF,0,56.692,,0,0,OFF,66.1708,,-1.53373,0,0,,0,0,OFF,66.1708,,,-1.53373,0,0,,0,0,0
2000-08-09 02:11:00 PDT,-1.53373,0,OFF,66.1477,OFF,0,56.6623,,0,0,OFF,66.1477,,-1.53373,0,0,,0,0,OFF,66.1477,,,-1.53373,0,0,,0,0,0
2000-08-09 02:12:00 PDT,-1.53373,0,OFF,66.1245,OFF,0,56.6332,,0,0,OFF,66.1245,,-1.53373,0,0,,0,0,OFF,66.1245,,,-1.53373,0,0,,0,0,0
2000-08-09 02:13:00 PDT,-1.53373,0,OFF,66.1014,OFF,0,56.6047,,0,0,OFF,66.1014,,-1.53373,0,0,,0,0,OFF,66.1014,,,-1.53373,0,0,,0,0,0
2000-08-09 02:14:00 PDT,-1.53373,0,OFF,66.0782,OFF,0,56.5768,,0,0,OFF,66.0782,,-1.53373,0,0,,0,0,OFF,66.0782,,,-1.53373,0,0,,0,0,0
2000-08-09 02:15:00 PDT,-0.113008,0,OFF,66.0551,OFF,0,56.5495,,0,0,OFF,66.0551,,-0.113008,0,0,,0,0,OFF,66.0551,,,-0.113008,0,0,,0,0,0
2000-08-09 02:16:00 PDT,-0.113008,0,OFF,66.0319,OFF,0,56.5228,,0,0,OFF,66.0319,,-0.113008,0,0,,0,0,OFF,66.0319,,,-0.113008,0,0,,0,0,0
2000-08-09 02:17:00 PDT,-0.113008,0,OFF,66.0088,OFF,0,56.4967,,0,0,OFF,66.0088,,-0.113008,0,0,,0,0,OFF,66.0088,,,-0.113008,0,0,,0,0,0
2000-08-09 02:18:00 PDT,-0.113008,0,OFF,65.9851,OFF,0,56.4712,,0,0,OFF,65.9851,,-0.113008,0,0,,0,0,OFF,65.9851,,,-0.113008,0,0,,0,0,0
2000-08-09 02:19:00 PDT,-0.113008,0,OFF,65.9615,OFF,0,56.4463,,0,0,OFF,65.9615,,-0.113008,0,0,,0,0,OFF,65.9615,,,-0.113008,0,0,,0,0,0
2000-08-09 02:20:00 PDT,-0.113008,0,OFF,65.938,OFF,0,56.422,,0,0,OFF,65.938,,-0.113008,0,0,,0,0,OFF,65.938,,,-0.113008,0,0,,0,0,0
2000-08-09 02:21:00 PDT,-0.113008,0,OFF,65.9145,OFF,0,56.3983,,0,0,OFF,65.9145,,-0.113008,0,0,,0,0,OFF,65.9145,,,-0.113008,0,0,,0,0,0
2000-08-09 02:22:00 PDT,-0.113008,0,OFF,65.8911,OFF,0,56.3752,,0,0,OFF,65.8911,,-0.113008,0,0,,0,0,OFF,65.8911,,,-0.113008,0,0,,0,0,0
2000-08-09 02:23:00 PDT,-0.113008,0,OFF,65.8678,OFF,0,56.3527,,0,0,OFF,65.8678,,-0.113008,0,0,,0,0,OFF,65.8678,,,-0.113008,0,0,,0,0,0
2000-08-09 02:24:00 PDT,-0.113008,0,OFF,65.8445,OFF,0,56.3308,,0,0,OFF,65.8445,,-0.113008,0,0,,0,0,OFF,65.8445,,,-0.113008,0,0,,0,0,0
2000-08-09 02:25:00 PDT,-0.113008,0,OFF,65.8213,OFF,0,56.3095,,0,0,OFF,65.8213,,-0.113008,0,0,,0,0,OFF,65.8213,,,-0.113008,0,0,,0,0,0
2000-08-09 02:26:00 PDT,-0.113008,0,OFF,65.7981,OFF,0,56.2888,,0,0,OFF,65.7981,,-0.113008,0,0,,0,0,OFF,65.7981,,,-0.113008,0,0,,0,0,0
2000-08-09 02:27:00 PDT,-0.113008,0,OFF,65.775,OFF,0,56.2687,,0,0,OFF,65.775,,-0.113008,0,0,,0,0,OFF,65.775,,,-0.113008,0,0,,0,0,0
2000-08-09 02:28:00 PDT,-0.113008,0,OFF,65.7519,OFF,0,56.2492,,0,0,OFF,65.7519,,-0.113008,0,0,,0,0,OFF,65.7519,,,-0.113008,0,0,,0,0,0
2000-08-09 02:29:00 PDT,-0.113008,0,OFF,65.7289,OFF,0,56.2303,,0,0,OFF,65.7289,,-0.113008,0,0,,0,0,OFF,65.7289,,,-0.113008,0,0,,0,0,0
2000-08-09 02:30:00 PDT,0.825642,0,OFF,65.706,OFF,0,56.212,,0,0,OFF,65.706,,0.825642,0,0,,0,0,OFF,65.706,,,0.825642,0,0,,0,0,0
2000-08-09 02:31:00 PDT,0.825642,0,OFF,65.683,OFF,0,56.1943,,0,0,OFF,65.683,,0.825642,0,0,,0,0,OFF,65.683,,,0.825642,0,0,,0,0,0
2000-08-09 02:32:00 PDT,0.825642,0,OFF,65.6602,OFF,0,56.1772,,0,0,OFF,65.6602,,0.825642,0,0,,0,0,OFF,65.6602,,,0.825642,0,0,,0,0,0
2000-08-09 02:33:00 PDT,0.825642,0,OFF,65.6374,OFF,0,56.1607,,0,0,OFF,65.6374,,0.825642,0,0,,0,0,OFF,65.6374,,,0.825642,0,0,,0,0,0
2000-08-09 02:34:00 PDT,0.825642,0,OFF,65.6146,OFF,0,56.1448,,0,0,OFF,65.6146,,0.825642,0,0,,0,0,OFF,65.6146,,,0.825642,0,0,,0,0,0
2000-08-09 02:35:00 PDT,0.825642,0,OFF,65.5919,OFF,0,56.1295,,0,0,OFF,65.5919,,0.825642,0,0,,0,0,OFF,65.5919,,,0.825642,0,0,,0,0,0
2000-08-09 02:36:00 PDT,1.16729,6.16037,ON,65.5693,HEAT,6.16037,56.1148,,0,0,OFF,65.5693,,1.16729,6.16037,0,,0,0,OFF,65.5693,,,1.16729,6.16037,0,,0,0,0
2000-08-09 02:37:00 PDT,1.16729,6.16037,ON,66.7421,HEAT,6.15864,56.1007,,0,0,OFF,65.5467,,1.16729,6.16037,1.1954,,0,0,OFF,65.5467,,,1.16729,6.16037,1.1954,,0,0,0
2000-08-09 02:38:00 PDT,0,0,OFF,67.7352,OFF,0,56.0872,,0,0,OFF,65.5242,,0,0,2.211,,0,0,OFF,65.5242,,,0,0,2.211,,0,0,0
2000-08-09 02:39:00 PDT,0,0,OFF,67.3872,OFF,0,56.0743,,0,0,OFF,65.5017,,0,0,1.8855,,0,0,OFF,65.5017,,,0,0,1.8855,,0,0,0
2000-08-09 02:40:00 PDT,0,0,OFF,67.099,OFF,0,56.062,,0,0,OFF,65.4793,,0,0,1.6197,,0,0,OFF,65.4793,,,0,0,1.6197,,0,0,0
2000-08-09 02:41:00 PDT,0,0,OFF,66.8598,OFF,0,56.0503,,0,0,OFF,65.457,,0,0,1.4028,,0,0,OFF,65.457,,,0,0,1.4028,,0,0,0
2000-08-09 02:42:00 PDT,0,0,OFF,66.6603,OFF,0,56.0392,,0,0,OFF,65.4347,,0,0,1.2256,,0,0,OFF,65.4347,,,0,0,1.2256,,0,0,0
2000-08-09 02:43:00 PDT,0,0,OFF,66.4935,OFF,0,56.0287,,0,0,OFF,65.4125,,0,0,1.081,,0,0,OFF,65.4125,,,0,0,1.081,,0,0,0
2000-08-09 02:44:00 PDT,0,0,OFF,66.3531,OFF,0,56.0188,,0,0,OFF,65.3904,,0,0,0.9627,,0,0,OFF,65.3904,,,0,0,0.9627,,0,0,0
2000-08-09 02:45:00 PDT,-0.886886,6.15864,OFF,66.2344,OFF,0,56.0095,,0,0,OFF,65.3684,,-0.886886,6.15864,0.866,,0,0,OFF,65.3684,,,-0.886886,6.15864,0.866,,0,0,0
2000-08-09 02:46:00 PDT,-0.886886,6.15864,OFF,66.1334,OFF,0,56.0008,,0,0,OFF,65.3464,,-0.886886,6.15864,0.787,,0,0,OFF,65.3464,,,-0.886886,6.15864,0.787,,0,0,0
2000-08-09 02:47:00 PDT,-0.886886,6.15864,OFF,66.0468,OFF,0,55.9927,,0,0,OFF,65.3244,,-0.886886,6.15864,0.7224,,0,0,OFF,65.3244,,,-0.886886,6.15864,0.7224,,0,0,0
2000-08-09 02:48:00 PDT,-0.886886,6.15864,OFF,65.972,OFF,0,55.9852,,0,0,OFF,65.3026,,-0.886886,6.15864,0.6694,,0,0,OFF,65.3026,,,-0.886886,6.15864,0.6694,,0,0,0
2000-08-09 02:49:00 PDT,-0.886886,6.15864,OFF,65.9068,OFF,0,55.9783,,0,0,OFF,65.2808,,-0.886886,6.15864,0.626,,0,0,OFF,65.2808,,,-0.886886,6.15864,0.626,,0,0,0
2000-08-09 02:50:00 PDT,-0.886886,6.15864,OFF,65.8495,OFF,0,55.972,,0,0,OFF,65.2591,,-0.886886,6.15864,0.5904,,0,0,OFF,65.2591,,,-0.886886,6.15864,0.5904,,0,0,0
2000-08-09 02:51:00 PDT,-0.886886,6.15864,OFF,65.7986,OFF,0,55.9663,,0,0,OFF,65.2375,,-0.886886,6.15864,0.5611,,0,0,OFF,65.2375,,,-0.886886,6.15864,0.5611,,0,0,0
2000-08-09 02:52:00 PDT,-0.886886,6.15864,OFF,65.753,OFF,0,55.9612,,0,0,OFF,65.216,,-0.886886,6.15864,0.537,,0,0,OFF,65.216,,,-0.886886,6.15864,0.537,,0,0,0
2000-08-09 02:53:00 PDT,-0.886886,6.15864,OFF,65.7116,OFF,0,55.9567,,0,0,OFF,65.1945,,-0.886886,6.15864,0.5171,,0,0,OFF,65.1945,,,-0.886886,6.15864,0.5171,,0,0,0
2000-08-09 02:54:00 PDT,-0.886886,6.15864,OFF,65.6738,OFF,0,55.9528,,0,0,OFF,65.1731,,-0.886886,6.15864,0.5007,,0,0,OFF,65.1731,,,-0.886886,6.15864,0.5007,,0,0,0
2000-08-09 02:55:00 PDT,-0.886886,6.15864,OFF,65.6389,OFF,0,55.9495,,0,0,OFF,65.1518,,-0.886886,6.15864,0.4871,,0,0,OFF,65.1518,,,-0.886886,6.15864,0.4871,,0,0,0
2000-08-09 02:56:00 PDT,-0.886886,6.15864,OFF,65.6064,OFF,0,55.9468,,0,0,OFF,65.1306,,-0.886886,6.15864,0.4758,,0,0,OFF,65.1306,,,-0.886886,6.15864,0.4758,,0,0,0
2000-08-09 02:57:00 PDT,-0.886886,6.15864,OFF,65.5759,OFF,0,55.9447,,0,0,OFF,65.1095,,-0.886886,6.15864,0.4664,,0,0,OFF,65.1095,,,-0.886886,6.15864,0.4664,,0,0,0
2000-08-09 02:58:00 PDT,-0.886886,6.15864,OFF,65.5469,OFF,0,55.9432,,0,0,OFF,65.0885,,-0.886886,6.15864,0.4584,,0,0,OFF,65.0885,,,-0.886886,6.15864,0.4584,,0,0,0
2000-08-09 02:59:00 PDT,-0.886886,6.15864,OFF,65.5193,OFF,0,55.9423,,0,0,OFF,65.0675,,-0.886886,6.15864,0.4518,,0,0,OFF,65.0675,,,-0.886886,6.15864,0.4518,,0,0,0
2000-08-09 03:00:00 PDT,1.35784,6.15864,OFF,65.4928,OFF,0,55.942,,0,0,OFF,65.0467,,1.35784,6.15864,0.4461,,0,0,OFF,65.0467,,,1.35784,6.15864,0.4461,,0,0,0
2000-08-09 03:01:00 PDT,1.35784,6.15864,OFF,65.4672,OFF,0,55.9688,,0,0,OFF,65.0259,,1.35784,6.15864,0.4413,,0,0,OFF,65.0259,,,1.35784,6.15864,0.4413,,0,0,0
2000-08-09 03:02:00 PDT,1.35784,6.15864,OFF,65.4427,OFF,0,55.9954,,0,0,OFF,65.0056,,1.35784,6.15864,0.4371,,0,0,OFF,65.0056,,,1.35784,6.15864,0.4371,,0,0,0
2000-08-09 03:03:00 PDT,1.35784,6.15864,OFF,65.4192,OFF,0,56.0216,,0,0,OFF,64.9857,,1.35784,6.15864,0.4335,,0,0,OFF,64.9857,,,1.35784,6.15864,0.4335,,0,0,0
2000-08-09 03:04:00 PDT,1.35784,6.15864,OFF,65.3965,OFF,0,56.0476,,0,0,OFF,64.9661,,1.35784,6.15864,0.4304,,0,0,OFF,64.9661,,,1.35784,6.15864,0.4304,,0,0,0
2000-08-09 03:05:00 PDT,1.35784,6.15864,OFF,65.3744,OFF,0,56.0732,,0,0,OFF,64.9468,,1.35784,6.15864,0.4276,,0,0,OFF,64.9468,,,1.35784,6.15864,0.4276,,0,0,0
2000-08-09 03:06:00 PDT,1.35784,6.15864,OFF,65.3529,OFF,0,56.0986,,0,0,OFF,64.9278,,1.35784,6.15864,0.4251,,0,0,OFF,64.9278,,,1.35784,6.15864,0.4251,,0,0,0
2000-08-09 03:07:00 PDT,1.35784,6.15864,OFF,65.3319,OFF,0,56.1236,,0,0,OFF,64.909,,1.35784,6.15864,0.4229,,0,0,OFF,64.909,,,1.35784,6.15864,0.4229,,0,0,0
2000-08-09 03:08:00 PDT,1.35784,6.15864,OFF,65.3112,OFF,0,56.1484,,0,0,OFF,64.8904,,1.35784,6.15864,0.4208,,0,0,OFF,64.8904,,,1.35784,6.15864,0.4208,,0,0,0
2000-08-09 03:09:00 PDT,1.35784,6.15864,OFF,65.291,OFF,0,56.1728,,0,0,OFF,64.8719,,1.35784,6.15864,0.4191,,0,0,OFF,64.8719,,,1.35784,6.15864,0.4191,,0,0,0
2000-08-09 03:10:00 PDT,1.35784,6.15864,OFF,65.271,OFF,0,56.197,,0,0,OFF,64.8537,,1.35784,6.15864,0.4173,,0,0,OFF,64.8537,,,1.35784,6.15864,0.4173,,0,0,0
2000-08-09 03:11:00 PDT,1.35784,6.15864,OFF,65.2512,OFF,0,56.2208,,0,0,OFF,64.8356,,1.35784,6.15864,0.4156,,0,0,OFF,64.8356,,,1.35784,6.15864,0.4156,,0,0,0
2000-08-09 03:12:00 PDT,1.35784,6.15864,OFF,65.2318,OFF,0,56.2444,,0,0,OFF,64.8176,,1.35784,6.15864,0.4142,,0,0,OFF,64.8176,,,1.35784,6.15864,0.4142,,0,0,0
2000-08-09 03:13:00 PDT,1.35784,6.15864,OFF,65.2125,OFF,0,56.2676,,0,0,OFF,64.7998,,1.35784,6.15864,0.4127,,0,0,OFF,64.7998,,,1.35784,6.15864,0.4127,,0,0,0
2000-08-09 03:14:00 PDT,1.35784,6.15864,OFF,65.1934,OFF,0,56.2906,,0,0,OFF,64.7821,,1.35784,6.15864,0.4113,,0,0,OFF,64.7821,,,1.35784,6.15864,0.4113,,0,0,0
2000-08-09 03:15:00 PDT,2.15364,6.15864,OFF,65.1745,OFF,0,56.3132,,0,0,OFF,64.7645,,2.15364,6.15864,0.41,,0,0,OFF,64.7645,,,2.15364,6.15864,0.41,,0,0,0
2000-08-09 03:16:00 PDT,2.15364,6.15864,OFF,65.1557,OFF,0,56.3356,,0,0,OFF,64.747,,2.15364,6.15864,0.4087,,0,0,OFF,64.747,,,2.15364,6.15864,0.4087,,0,0,0
2000-08-09 03:17:00 PDT,2.15364,6.15864,OFF,65.1371,OFF,0,56.3576,,0,0,OFF,64.7297,,2.15364,6.15864,0.4074,,0,0,OFF,64.7297,,,2.15364,6.15864,0.4074,,0,0,0
2000-08-09 03:18:00 PDT,2.15364,6.15864,OFF,65.1186,OFF,0,56.3794,,0,0,OFF,64.7124,,2.15364,6.15864,0.4062,,0,0,OFF,64.7124,,,2.15364,6.15864,0.4062,,0,0,0
2000-08-09 03:19:00 PDT,2.15364,6.15864,OFF,65.1002,OFF,0,56.4008,,0,0,OFF,64.6953,,2.15364,6.15864,0.4049,,0,0,OFF,64.6953,,,2.15364,6.15864,0.4049,,0,0,0
2000-08-09 03:20:00 PDT,2.15364,6.15864,OFF,65.0819,OFF,0,56.422,,0,0,OFF,64.6782,,2.15364,6.15864,0.4037,,0,0,OFF,64.6782,,,2.15364,6.15864,0.4037,,0,0,0
2000-08-09 03:21:00 PDT,2.15364,6.15864,OFF,65.0638,OFF,0,56.4428,,0,0,OFF,64.6612,,2.15364,6.15864,0.4026,,0,0,OFF,64.6612,,,2.15364,6.15864,0.4026,,0,0,0
2000-08-09 03:22:00 PDT,2.15364,6.15864,OFF,65.0458,OFF,0,56.4634,,0,0,OFF,64.6443,,2.15364,6.15864,0.4015,,0,0,OFF,64.6443,,,2.15364,6.15864,0.4015,,0,0,0
2000-08-09 03:23:00 PDT,2.15364,6.15864,OFF,65.0278,OFF,0,56.4836,,0,0,OFF,64.6276,,2.15364,6.15864,0.4002,,0,0,OFF,64.6276,,,2.15364,6.15864,0.4002,,0,0,0
2000-08-09 03:24:00 PDT,2.15364,6.15864,OFF,65.01,OFF,0,56.5036,,0,0,OFF,64.6109,,2.15364,6.15864,0.3991,,0,0,OFF,64.6109,,,2.15364,6.15864,0.3991,,0,0,0
2000-08-09 03:25:00 PDT,2.15364,6.15864,OFF,64.9923,OFF,0,56.5232,,0,0,OFF,64.5942,,2.15364,6.15864,0.3981,,0,0,OFF,64.5942,,,2.15364,6.15864,0.3981,,0,0,0
2000-08-09 03:26:00 PDT,2.65329,6.19487,ON,64.9746,HEAT,6.19487,56.5426,,0,0,OFF,64.5777,,2.65329,6.19487,0.3969,,0,0,OFF,64.5777,,,2.65329,6.19487,0.3969,,0,0,0
2000-08-09 03:27:00 PDT,2.65329,6.19487,ON,66.1631,HEAT,6.19387,56.5616,,0,0,OFF,64.5613,,2.65329,6.19487,1.6018,,0,0,OFF,64.5613,,,2.65329,6.19487,1.6018,,0,0,0
2000-08-09 03:28:00 PDT,-4.7887,6.19387,OFF,67.1708,OFF,0,56.5804,,0,0,OFF,64.5449,,-4.7887,6.19387,2.6259,,0,0,OFF,64.5449,,,-4.7887,6.19387,2.6259,,0,0,0
2000-08-09 03:29:00 PDT,-4.7887,6.19387,OFF,66.8249,OFF,0,56.5988,,0,0,OFF,64.5286,,-4.7887,6.19387,2.2963,,0,0,OFF,64.5286,,,-4.7887,6.19387,2.2963,,0,0,0
2000-08-09 03:30:00 PDT,-2.15772,6.19387,OFF,66.5394,OFF,0,56.617,,0,0,OFF,64.5124,,-2.15772,6.19387,2.027,,0,0,OFF,64.5124,,,-2.15772,6.19387,2.027,,0,0,0
2000-08-09 03:31:00 PDT,-2.15772,6.19387,OFF,66.3033,OFF,0,56.6348,,0,0,OFF,64.4963,,-2.15772,6.19387,1.807,,0,0,OFF,64.4963,,,-2.15772,6.19387,1.807,,0,0,0
2000-08-09 03:32:00 PDT,-2.15772,6.19387,OFF,66.1073,OFF,0,56.6524,,0,0,OFF,64.4802,,-2.15772,6.19387,1.6271,,0,0,OFF,64.4802,,,-2.15772,6.19387,1.6271,,0,0,0
2000-08-09 03:33:00 PDT,-2.15772,6.19387,OFF,65.9443,OFF,0,56.6696,,0,0,OFF,64.4643,,-2.15772,6.19387,1.48,,0,0,OFF,64.4643,,,-2.15772,6.19387,1.48,,0,0,0
2000-08-09 03:34:00 PDT,-2.15772,6.19387,OFF,65.808,OFF,0,56.6866,,0,0,OFF,64.4484,,-2.15772,6.19387,1.3596,,0,0,OFF,64.4484,,,-2.15772,6.19387,1.3596,,0,0,0
2000-08-09 03:35:00 PDT,-2.15772,6.19387,OFF,65.6936,OFF,0,56.7032,,0,0,OFF,64.4325,,-2.15772,6.19387,1.2611,,0,0,OFF,64.4325,,,-2.15772,6.19387,1.2611,,0,0,0
2000-08-09 03:36:00 PDT,-2.15772,6.19387,OFF,65.597,OFF,0,56.7196,,0,0,OFF,64.4168,,-2.15772,6.19387,1.1802,,0,0,OFF,64.4168,,,-2.15772,6.19387,1.1802,,0,0,0
2000-08-09 03:37:00 PDT,-2.15772,6.19387,OFF,65.515,OFF,0,56.7356,,0,0,OFF,64.4011,,-2.15772,6.19387,1.1139,,0,0,OFF,64.4011,,,-2.15772,6.19387,1.1139,,0,0,0
2000-08-09 03:38:00 PDT,-2.15772,6.19387,OFF,65.4449,OFF,0,56.7514,,0,0,OFF,64.3855,,-2.15772,6.19387,1.0594,,0,0,OFF,64.3855,,,-2.15772,6.19387,1.0594,,0,0,0
2000-08-09 03:39:00 PDT,-2.15772,6.19387,OFF,65.3844,OFF,0,56.7668,,0,0,OFF,64.3699,,-2.15772,6.19387,1.0145,,0,0,OFF,64.3699,,,-2.15772,6.19387,1.0145,,0,0,0
2000-08-09 03:40:00 PDT,-2.15772,6.19387,OFF,65.3319,OFF,0,56.782,,0,0,OFF,64.3544,,-2.15772,6.19387,0.9775,,0,0,OFF,64.3544,,,-2.15772,6.19387,0.9775,,0,0,0
2000-08-09 03:41:00 PDT,-2.15772,6.19387,OFF,65.2859,OFF,0,56.7968,,0,0,OFF,64.339,,-2.15772,6.19387,0.9469,,0,0,OFF,64.339,,,-2.15772,6.19387,0.9469,,0,0,0
2000-08-09 03:42:00 PDT,-2.15772,6.19387,OFF,65.2452,OFF,0,56.8114,,0,0,OFF,64.3237,,-2.15772,6.19387,0.9215,,0,0,OFF,64.3237,,,-2.15772,6.19387,0.9215,,0,0,0
2000-08-09 03:43:00 PDT,-2.15772,6.19387,OFF,65.2089,OFF,0,56.8256,,0,0,OFF,64.3084,,-2.15772,6.19387,0.9005,,0,0,OFF,64.3084,,,-2.15772,6.19387,0.9005,,0,0,0
2000-08-09 03:44:00 PDT,-2.15772,6.19387,OFF,65.176,OFF,0,56.8396,,0,0,OFF,64.2932,,-2.15772,6.19387,0.8828,,0,0,OFF,64.2932,,,-2.15772,6.19387,0.8828,,0,0,0
2000-08-09 03:45:00 PDT,2.22456,6.19387,OFF,65.1461,OFF,0,56.8532,,0,0,OFF,64.278,,2.22456,6.19387,0.8681,,0,0,OFF,64.278,,,2.22456,6.19387,0.8681,,0,0,0
2000-08-09 03:46:00 PDT,2.22456,6.19387,OFF,65.1185,OFF,0,56.8666,,0,0,OFF,64.2629,,2.22456,6.19387,0.8556,,0,0,OFF,64.2629,,,2.22456,6.19387,0.8556,,0,0,0
2000-08-09 03:47:00 PDT,2.22456,6.19387,OFF,65.0929,OFF,0,56.8796,,0,0,OFF,64.2479,,2.22456,6.19387,0.845,,0,0,OFF,64.2479,,,2.22456,6.19387,0.845,,0,0,0
2000-08-09 03:48:00 PDT,2.22456,6.19387,OFF,65.0689,OFF,0,56.8924,,0,0,OFF,64.2329,,2.22456,6.19387,0.836,,0,0,OFF,64.2329,,,2.22456,6.19387,0.836,,0,0,0
2000-08-09 03:49:00 PDT,2.22456,6.19387,OFF,65.0463,OFF,0,56.9048,,0,0,OFF,64.218,,2.22456,6.19387,0.8283,,0,0,OFF,64.218,,,2.22456,6.19387,0.8283,,0,0,0
2000-08-09 03:50:00 PDT,2.22456,6.19387,OFF,65.0247,OFF,0,56.917,,0,0,OFF,64.2031,,2.22456,6.19387,0.8216,,0,0,OFF,64.2031,,,2.22456,6.19387,0.8216,,0,0,0
2000-08-09 03:51:00 PDT,2.22456,6.19387,OFF,65.004,OFF,0,56.9288,,0,0,OFF,64.1883,,2.22456,6.19387,0.8157,,0,0,OFF,64.1883,,,2.22456,6.19387,0.8157,,0,0,0
2000-08-09 03:52:00 PDT,2.22456,6.19387,OFF,64.984,OFF,0,56.9404,,0,0,OFF,64.1736,,2.22456,6.19387,0.8104,,0,0,OFF,64.1736,,,2.22456,6.19387,0.8104,,0,0,0
2000-08-09 03:53:00 PDT,2.67811,6.23036,ON,64.9647,HEAT,6.23036,56.9516,,0,0,OFF,64.1589,,2.67811,6.23036,0.8058,,0,0,OFF,64.1589,,,2.67811,6.23036,0.8058,,0,0,0
2000-08-09 03:54:00 PDT,2.67811,6.23036,ON,66.1627,HEAT,6.22882,56.9626,,0,0,OFF,64.1443,,2.67811,6.23036,2.0184,,0,0,OFF,64.1443,,,2.67811,6.23036,2.0184,,0,0,0
2000-08-09 03:55:00 PDT,-4.82006,6.22882,OFF,67.1784,OFF,0,56.9732,,0,0,OFF,64.1297,,-4.82006,6.22882,3.0487,,0,0,OFF,64.1297,,,-4.82006,6.22882,3.0487,,0,0,0
2000-08-09 03:56:00 PDT,-4.82006,6.22882,OFF,66.8289,OFF,0,56.9836,,0,0,OFF,64.1151,,-4.82006,6.22882,2.7138,,0,0,OFF,64.1151,,,-4.82006,6.22882,2.7138,,0,0,0
2000-08-09 03:57:00 PDT,-4.82006,6.22882,OFF,66.5406,OFF,0,56.9936,,0,0,OFF,64.1006,,-4.82006,6.22882,2.44,,0,0,OFF,64.1006,,,-4.82006,6.22882,2.44,,0,0,0
2000-08-09 03:58:00 PDT,-4.82006,6.22882,OFF,66.3022,OFF,0,57.0034,,0,0,OFF,64.0862,,-4.82006,6.22882,2.216,,0,0,OFF,64.0862,,,-4.82006,6.22882,2.216,,0,0,0
2000-08-09 03:59:00 PDT,-4.82006,6.22882,OFF,66.1046,OFF,0,57.0128,,0,0,OFF,64.0718,,-4.82006,6.22882,2.0328,,0,0,OFF,64.0718,,,-4.82006,6.22882,2.0328,,0,0,0
2000-08-09 04:00:00 PDT,0.239227,6.22882,OFF,65.9402,OFF,0,57.022,,0,0,OFF,64.0575,,0.239227,6.22882,1.8827,,0,0,OFF,64.0575,,,0.239227,6.22882,1.8827,,0,0,0
2000-08-09 04:01:00 PDT,0.239227,6.22882,OFF,65.803,OFF,0,57.0058,,0,0,OFF,64.0432,,0.239227,6.22882,1.7598,,0,0,OFF,64.0432,,,0.239227,6.22882,1.7598,,0,0,0
2000-08-09 04:02:00 PDT,0.239227,6.22882,OFF,65.6875,OFF,0,56.9901,,0,0,OFF,64.0286,,0.239227,6.22882,1.6589,,0,0,OFF,64.0286,,,0.239227,6.22882,1.6589,,0,0,0
2000-08-09 04:03:00 PDT,0.239227,6.22882,OFF,65.5897,OFF,0,56.975,,0,0,OFF,64.0138,,0.239227,6.22882,1.5759,,0,0,OFF,64.0138,,,0.239227,6.22882,1.5759,,0,0,0
2000-08-09 04:04:00 PDT,0.239227,6.22882,OFF,65.5065,OFF,0,56.9604,,0,0,OFF,63.9988,,0.239227,6.22882,1.5077,,0,0,OFF,63.9988,,,0.239227,6.22882,1.5077,,0,0,0
2000-08-09 04:05:00 PDT,0.239227,6.22882,OFF,65.4351,OFF,0,56.9464,,0,0,OFF,63.9836,,0.239227,6.22882,1.4515,,0,0,OFF,63.9836,,,0.239227,6.22882,1.4515,,0,0,0
2000-08-09 04:06:00 PDT,0.239227,6.22882,OFF,65.3734,OFF,0,56.9329,,0,0,OFF,63.9684,,0.239227,6.22882,1.405,,0,0,OFF,63.9684,,,0.239227,6.22882,1.405,,0,0,0
2000-08-09 04:07:00 PDT,0.239227,6.22882,OFF,65.3195,OFF,0,56.92,,0,0,OFF,63.9531,,0.239227,6.22882,1.3664,,0,0,OFF,63.9531,,,0.239227,6.22882,1.3664,,0,0,0
2000-08-09 04:08:00 PDT,0.239227,6.22882,OFF,65.2721,OFF,0,56.9076,,0,0,OFF,63.9377,,0.239227,6.22882,1.3344,,0,0,OFF,63.9377,,,0.239227,6.22882,1.3344,,0,0,0
2000-08-09 04:09:00 PDT,0.239227,6.22882,OFF,65.23,OFF,0,56.8958,,0,0,OFF,63.9223,,0.239227,6.22882,1.3077,,0,0,OFF,63.9223,,,0.239227,6.22882,1.3077,,0,0,0
2000-08-09 04:10:00 PDT,0.239227,6.22882,OFF,65.1921,OFF,0,56.8845,,0,0,OFF,63.9068,,0.239227,6.22882,1.2853,,0,0,OFF,63.9068,,,0.239227,6.22882,1.2853,,0,0,0
2000-08-09 04:11:00 PDT,0.239227,6.22882,OFF,65.1578,OFF,0,56.8738,,0,0,OFF,63.8914,,0.239227,6.22882,1.2664,,0,0,OFF,63.8914,,,0.239227,6.22882,1.2664,,0,0,0
2000-08-09 04:12:00 PDT,0.239227,6.22882,OFF,65.1264,OFF,0,56.8636,,0,0,OFF,63.8759,,0.239227,6.22882,1.2505,,0,0,OFF,63.8759,,,0.239227,6.22882,1.2505,,0,0,0
2000-08-09 04:13:00 PDT,0.239227,6.22882,OFF,65.0973,OFF,0,56.854,,0,0,OFF,63.8605,,0.239227,6.22882,1.2368,,0,0,OFF,63.8605,,,0.239227,6.22882,1.2368,,0,0,0
2000-08-09 04:14:00 PDT,0.239227,6.22882,OFF,65.0702,OFF,0,56.8449,,0,0,OFF,63.8451,,0.239227,6.22882,1.2251,,0,0,OFF,63.8451,,,0.239227,6.22882,1.2251,,0,0,0
2000-08-09 04:15:00 PDT,2.47824,6.22882,OFF,65.0446,OFF,0,56.8364,,0,0,OFF,63.8297,,2.47824,6.22882,1.2149,,0,0,OFF,63.8297,,,2.47824,6.22882,1.2149,,0,0,0
2000-08-09 04:16:00 PDT,2.47824,6.22882,OFF,65.0204,OFF,0,56.8284,,0,0,OFF,63.8143,,2.47824,6.22882,1.2061,,0,0,OFF,63.8143,,,2.47824,6.22882,1.2061,,0,0,0
2000-08-09 04:17:00 PDT,2.47824,6.22882,OFF,64.9973,OFF,0,56.821,,0,0,OFF,63.799,,2.47824,6.22882,1.1983,,0,0,OFF,63.799,,,2.47824,6.22882,1.1983,,0,0,0
2000-08-09 04:18:00 PDT,2.65225,6.22019,ON,64.975,HEAT,6.22019,56.8141,,0,0,OFF,63.7838,,2.65225,6.22019,1.1912,,0,0,OFF,63.7838,,,2.65225,6.22019,1.1912,,0,0,0
2000-08-09 04:19:00 PDT,2.65225,6.22019,ON,66.1671,HEAT,6.21706,56.8078,,0,0,OFF,63.7686,,2.65225,6.22019,2.3985,,0,0,OFF,63.7686,,,2.65225,6.22019,2.3985,,0,0,0
2000-08-09 04:20:00 PDT,-4.81471,6.21706,OFF,67.1771,OFF,0,56.802,,0,0,OFF,63.7534,,-4.81471,6.21706,3.4237,,0,0,OFF,63.7534,,,-4.81471,6.21706,3.4237,,0,0,0
2000-08-09 04:21:00 PDT,-4.81471,6.21706,OFF,66.8263,OFF,0,56.7968,,0,0,OFF,63.7384,,-4.81471,6.21706,3.0879,,0,0,OFF,63.7384,,,-4.81471,6.21706,3.0879,,0,0,0
2000-08-09 04:22:00 PDT,-4.81471,6.21706,OFF,66.5366,OFF,0,56.7921,,0,0,OFF,63.7234,,-4.81471,6.21706,2.8132,,0,0,OFF,63.7234,,,-4.81471,6.21706,2.8132,,0,0,0
2000-08-09 04:23:00 PDT,-4.81471,6.21706,OFF,66.2969,OFF,0,56.788,,0,0,OFF,63.7084,,-4.81471,6.21706,2.5885,,0,0,OFF,63.7084,,,-4.81471,6.21706,2.5885,,0,0,0
2000-08-09 04:24:00 PDT,-4.81471,6.21706,OFF,66.098,OFF,0,56.7844,,0,0,OFF,63.6936,,-4.81471,6.21706,2.4044,,0,0,OFF,63.6936,,,-4.81471,6.21706,2.4044,,0,0,0
2000-08-09 04:25:00 PDT,-4.81471,6.21706,OFF,65.9323,OFF,0,56.7814,,0,0,OFF,63.6789,,-4.81471,6.21706,2.2534,,0,0,OFF,63.6789,,,-4.81471,6.21706,2.2534,,0,0,0
2000-08-09 04:26:00 PDT,-4.81471,6.21706,OFF,65.7938,OFF,0,56.7789,,0,0,OFF,63.6643,,-4.81471,6.21706,2.1295,,0,0,OFF,63.6643,,,-4.81471,6.21706,2.1295,,0,0,0
2000-08-09 04:27:00 PDT,-4.81471,6.21706,OFF,65.6774,OFF,0,56.777,,0,0,OFF,63.6498,,-4.81471,6.21706,2.0276,,0,0,OFF,63.6498,,,-4.81471,6.21706,2.0276,,0,0,0
2000-08-09 04:28:00 PDT,-4.81471,6.21706,OFF,65.5791,OFF,0,56.7756,,0,0,OFF,63.6353,,-4.81471,6.21706,1.9438,,0,0,OFF,63.6353,,,-4.81471,6.21706,1.9438,,0,0,0
2000-08-09 04:29:00 PDT,-4.81471,6.21706,OFF,65.4956,OFF,0,56.7748,,0,0,OFF,63.621,,-4.81471,6.21706,1.8746,,0,0,OFF,63.621,,,-4.81471,6.21706,1.8746,,0,0,0
2000-08-09 04:30:00 PDT,1.5293,6.21706,OFF,65.4242,OFF,0,56.7745,,0,0,OFF,63.6068,,1.5293,6.21706,1.8174,,0,0,OFF,63.6068,,,1.5293,6.21706,1.8174,,0,0,0
2000-08-09 04:31:00 PDT,1.5293,6.21706,OFF,65.3626,OFF,0,56.7748,,0,0,OFF,63.5927,,1.5293,6.21706,1.7699,,0,0,OFF,63.5927,,,1.5293,6.21706,1.7699,,0,0,0
2000-08-09 04:32:00 PDT,1.5293,6.21706,OFF,65.3092,OFF,0,56.7756,,0,0,OFF,63.5788,,1.5293,6.21706,1.7304,,0,0,OFF,63.5788,,,1.5293,6.21706,1.7304,,0,0,0
2000-08-09 04:33:00 PDT,1.5293,6.21706,OFF,65.2623,OFF,0,56.777,,0,0,OFF,63.5649,,1.5293,6.21706,1.6974,,0,0,OFF,63.5649,,,1.5293,6.21706,1.6974,,0,0,0
2000-08-09 04:34:00 PDT,1.5293,6.21706,OFF,65.2208,OFF,0,56.7789,,0,0,OFF,63.5512,,1.5293,6.21706,1.6696,,0,0,OFF,63.5512,,,1.5293,6.21706,1.6696,,0,0,0
2000-08-09 04:35:00 PDT,1.5293,6.21706,OFF,65.1839,OFF,0,56.7814,,0,0,OFF,63.5377,,1.5293,6.21706,1.6462,,0,0,OFF,63.5377,,,1.5293,6.21706,1.6462,,0,0,0
2000-08-09 04:36:00 PDT,1.5293,6.21706,OFF,65.1506,OFF,0,56.7844,,0,0,OFF,63.5243,,1.5293,6.21706,1.6263,,0,0,OFF,63.5243,,,1.5293,6.21706,1.6263,,0,0,0
2000-08-09 04:37:00 PDT,1.5293,6.21706,OFF,65.1203,OFF,0,56.788,,0,0,OFF,63.511,,1.5293,6.21706,1.6093,,0,0,OFF,63.511,,,1.5293,6.21706,1.6093,,0,0,0
2000-08-09 04:38:00 PDT,1.5293,6.21706,OFF,65.0925,OFF,0,56.7921,,0,0,OFF,63.4978,,1.5293,6.21706,1.5947,,0,0,OFF,63.4978,,,1.5293,6.21706,1.5947,,0,0,0
2000-08-09 04:39:00 PDT,1.5293,6.21706,OFF,65.0668,OFF,0,56.7968,,0,0,OFF,63.4848,,1.5293,6.21706,1.582,,0,0,OFF,63.4848,,,1.5293,6.21706,1.582,,0,0,0
2000-08-09 04:40:00 PDT,1.5293,6.21706,OFF,65.0428,OFF,0,56.802,,0,0,OFF,63.4718,,1.5293,6.21706,1.571,,0,0,OFF,63.4718,,,1.5293,6.21706,1.571,,0,0,0
2000-08-09 04:41:00 PDT,1.5293,6.21706,OFF,65.0201,OFF,0,56.8078,,0,0,OFF,63.459,,1.5293,6.21706,1.5611,,0,0,OFF,63.4591,,,1.5293,6.21706,1.561,,0,0,0.0001
2000-08-09 04:42:00 PDT,1.5293,6.21706,OFF,64.9987,OFF,0,56.8141,,0,0,OFF,63.4464,,1.5293,6.21706,1.5523,,0,0,OFF,63.4464,,,1.5293,6.21706,1.5523,,0,0,0
2000-08-09 04:43:00 PDT,2.64433,6.22218,ON,64.9782,HEAT,6.22218,56.821,,0,0,OFF,63.4339,,2.64433,6.22218,1.5443,,0,0,OFF,63.4339,,,2.64433,6.22218,1.5443,,0,0,0
2000-08-09 04:44:00 PDT,2.64433,6.22218,ON,66.1726,HEAT,6.22076,56.8284,,0,0,OFF,63.4215,,2.64433,6.22218,2.7511,,0,0,OFF,63.4215,,,2.64433,6.22218,2.7511,,0,0,0
2000-08-09 04:45:00 PDT,-4.8491,6.22076,OFF,67.1853,OFF,0,56.8364,,9999,6.22175,ON,63.4092,,-10003.8491,-0.00099,3.7761,,9999,6.22227,ON,63.4092,,,-10003.8491,-0.00151,3.7761,,0,0.00052,0
2000-08-09 04:46:00 PDT,-4.8491,6.22076,OFF,66.8363,OFF,0,56.8449,,9999,6.22175,ON,64.6112,,-10003.8491,-0.00099,2.2251,,9999,6.22227,ON,64.6113,,,-10003.8491,-0.00151,2.225,,0,0.00052,0.0001
2000-08-09 04:47:00 PDT,-4.8491,6.22076,OFF,66.5487,OFF,0,56.854,,9999,6.22175,ON,65.6283,,-10003.8491,-0.00099,0.9204,,9999,6.22227,ON,65.6269,,,-10003.8491,-0.00151,0.9218,,0,0.00052,-0.0014
2000-08-09 04:48:00 PDT,-4.8491,6.22076,OFF,66.311,OFF,0,56.8636,,9999,6.22175,ON,66.4979,,-10003.8491,-0.00099,-0.1869,,9999,6.22227,ON,66.4948,,,-10003.8491,-0.00151,-0.1838,,0,0.00052,-0.0031
2000-08-09 04:49:00 PDT,-4.8491,6.22076,OFF,66.1142,OFF,0,56.8738,,-5.13502,6.20977,OFF,67.2469,,0.28592,0.01099,-1.1327,,-5.05883,6.19925,OFF,67.2423,,,0.20973,0.02151,-1.1281,,0.07619,-0.01052,-0.0046
2000-08-09 04:50:00 PDT,-4.8491,6.22076,OFF,65.9507,OFF,0,56.8845,,-5.13502,6.20977,OFF,66.6852,,0.28592,0.01099,-0.7345,,-5.05883,6.19925,OFF,66.6812,,,0.20973,0.02151,-0.7305,,0.07619,-0.01052,-0.004
2000-08-09 04:51:00 PDT,-4.8491,6.22076,OFF,65.8145,OFF,0,56.8958,,-5.13502,6.20977,OFF,66.2247,,0.28592,0.01099,-0.4102,,-5.05883,6.19925,OFF,66.2213,,,0.20973,0.02151,-0.4068,,0.07619,-0.01052,-0.0034
2000-08-09 04:52:00 PDT,-4.8491,6.22076,OFF,65.7004,OFF,0,56.9076,,-5.13502,6.20977,OFF,65.8468,,0.28592,0.01099,-0.1464,,-5.05883,6.19925,OFF,65.8438,,,0.20973,0.02151,-0.1434,,0.07619,-0.01052,-0.003
2000-08-09 04:53:00 PDT,-4.8491,6.22076,OFF,65.6046,OFF,0,56.92,,-5.13502,6.20977,OFF,65.5362,,0.28592,0.01099,0.0684,,-5.05883,6.19925,OFF,65.5336,,,0.20973,0.02151,0.071,,0.07619,-0.01052,-0.0026
2000-08-09 04:54:00 PDT,-4.8491,6.22076,OFF,65.5236,OFF,0,56.9329,,-5.13502,6.20977,OFF,65.2807,,0.28592,0.01099,0.2429,,-5.05883,6.19925,OFF,65.2783,,,0.20973,0.02151,0.2453,,0.07619,-0.01052,-0.0024
2000-08-09 04:55:00 PDT,-4.8491,6.22076,OFF,65.4547,OFF,0,56.9464,,-5.13502,6.20977,OFF,65.0699,,0.28592,0.01099,0.3848,,-5.05883,6.19925,OFF,65.0679,,,0.20973,0.02151,0.3868,,0.07619,-0.01052,-0.002
2000-08-09 04:56:00 PDT,-4.8491,6.22076,OFF,65.3958,OFF,0,56.9604,,2.82091,6.22855,ON,64.8959,,-7.67001,-0.00779,0.4999,,2.88226,6.22608,ON,64.894,,,-7.73136,-0.00532,0.5018,,0.06135,-0.00247,-0.0019
2000-08-09 04:57:00 PDT,-4.8491,6.22076,OFF,65.345,OFF,0,56.975,,2.82091,6.22855,ON,65.9682,,-7.67001,-0.00779,-0.6232,,2.88226,6.22608,ON,65.9661,,,-7.73136,-0.00532,-0.6211,,0.06135,-0.00247,-0.0021
2000-08-09 04:58:00 PDT,-4.8491,6.22076,OFF,65.3009,OFF,0,56.9901,,2.82091,6.22855,ON,66.8825,,-7.67001,-0.00779,-1.5816,,2.88226,6.22608,ON,66.8801,,,-7.73136,-0.00532,-1.5792,,0.06135,-0.00247,-0.0024
2000-08-09 04:59:00 PDT,-4.8491,6.22076,OFF,65.2623,OFF,0,57.0058,,0,0,OFF,67.6679,,-4.8491,6.22076,-2.4056,,0,0,OFF,67.6646,,,-4.8491,6.22076,-2.4023,,0,0,-0.0033
2000-08-09 05:00:00 PDT,2.01926,6.22076,OFF,65.2282,OFF,0,57.022,,-4.65363,6.22718,OFF,67.1314,,6.67289,-0.00642,-1.9032,,-4.58467,6.22153,OFF,67.1285,,,6.60393,-0.00077,-1.9003,,0.06896,-0.00565,-0.0029
2000-08-09 05:01:00 PDT,2.01926,6.22076,OFF,65.1978,OFF,0,57.0624,,-4.65363,6.22718,OFF,66.6915,,6.67289,-0.00642,-1.4937,,-4.58467,6.22153,OFF,66.6888,,,6.60393,-0.00077,-1.491,,0.06896,-0.00565,-0.0027
2000-08-09 05:02:00 PDT,2.01926,6.22076,OFF,65.171,OFF,0,57.1025,,-4.65363,6.22718,OFF,66.3308,,6.67289,-0.00642,-1.1598,,-4.58467,6.22153,OFF,66.3284,,,6.60393,-0.00077,-1.1574,,0.06896,-0.00565,-0.0024
2000-08-09 05:03:00 PDT,2.01926,6.22076,OFF,65.1471,OFF,0,57.1424,,-4.65363,6.22718,OFF,66.0348,,6.67289,-0.00642,-0.8877,,-4.58467,6.22153,OFF,66.0326,,,6.60393,-0.00077,-0.8855,,0.06896,-0.00565,-0.0022
2000-08-09 05:04:00 PDT,2.01926,6.22076,OFF,65.1256,OFF,0,57.182,,-4.65363,6.22718,OFF,65.7917,,6.67289,-0.00642,-0.6661,,-4.58467,6.22153,OFF,65.7896,,,6.60393,-0.00077,-0.664,,0.06896,-0.00565,-0.0021
2000-08-09 05:05:00 PDT,2.01926,6.22076,OFF,65.1062,OFF,0,57.2214,,-4.65363,6.22718,OFF,65.5916,,6.67289,-0.00642,-0.4854,,-4.58467,6.22153,OFF,65.5896,,,6.60393,-0.00077,-0.4834,,0.06896,-0.00565,-0.002
2000-08-09 05:06:00 PDT,2.01926,6.22076,OFF,65.0884,OFF,0,57.2605,,-4.65363,6.22718,OFF,65.4267,,6.67289,-0.00642,-0.3383,,-4.58467,6.22153,OFF,65.4249,,,6.60393,-0.00077,-0.3365,,0.06896,-0.00565,-0.0018
2000-08-09 05:07:00 PDT,2.01926,6.22076,OFF,65.0721,OFF,0,57.2994,,-4.65363,6.22718,OFF,65.2905,,6.67289,-0.00642,-0.2184,,-4.58467,6.22153,OFF,65.2888,,,6.60393,-0.00077,-0.2167,,0.06896,-0.00565,-0.0017
2000-08-09 05:08:00 PDT,2.01926,6.22076,OFF,65.0571,OFF,0,57.338,,-4.65363,6.22718,OFF,65.1778,,6.67289,-0.00642,-0.1207,,-4.58467,6.22153,OFF,65.1762,,,6.60393,-0.00077,-0.1191,,0.06896,-0.00565,-0.0016
2000-08-09 05:09:00 PDT,2.01926,6.22076,OFF,65.043,OFF,0,57.3764,,-4.65363,6.22718,OFF,65.0843,,6.67289,-0.00642,-0.0413,,-4.58467,6.22153,OFF,65.0828,,,6.60393,-0.00077,-0.0398,,0.06896,-0.00565,-0.0015
2000-08-09 05:10:00 PDT,2.01926,6.22076,OFF,65.0298,OFF,0,57.4145,,-4.65363,6.22718,OFF,65.0065,,6.67289,-0.00642,0.0233,,-4.58467,6.22153,OFF,65.005,,,6.60393,-0.00077,0.0248,,0.06896,-0.00565,-0.0015
2000-08-09 05:11:00 PDT,2.01926,6.22076,OFF,65.0174,OFF,0,57.4524,,2.70657,6.25724,ON,64.9416,,-0.68731,-0.03648,0.0758,,2.76697,6.25911,ON,64.9401,,,-0.74771,-0.03835,0.0773,,0.0604,0.00187,-0.0015
2000-08-09 05:12:00 PDT,2.01926,6.22076,OFF,65.0056,OFF,0,57.49,,2.70657,6.25724,ON,66.1139,,-0.68731,-0.03648,-1.1083,,2.76697,6.25911,ON,66.1128,,,-0.74771,-0.03835,-1.1072,,0.0604,0.00187,-0.0011
2000-08-09 05:13:00 PDT,2.01926,6.22076,OFF,64.9945,OFF,0,57.5274,,-4.57096,6.259,OFF,67.1116,,6.59022,-0.03824,-2.1171,,-4.50638,6.25498,OFF,67.1097,,,6.52564,-0.03422,-2.1152,,0.06458,-0.00402,-0.0019
2000-08-09 05:14:00 PDT,2.01926,6.22076,OFF,64.9838,OFF,0,57.5645,,-4.57096,6.259,OFF,66.7385,,6.59022,-0.03824,-1.7547,,-4.50638,6.25498,OFF,66.7367,,,6.52564,-0.03422,-1.7529,,0.06458,-0.00402,-0.0018
2000-08-09 05:15:00 PDT,2.65577,6.26677,ON,64.9736,HEAT,6.26677,57.6014,,-1.74219,6.259,OFF,66.4327,,4.39796,0.00777,-1.4591,,-1.67835,6.25498,OFF,66.4309,,,4.33412,0.01179,-1.4573,,0.06384,-0.00402,-0.0018
2000-08-09 05:16:00 PDT,2.65577,6.26677,ON,66.1939,HEAT,6.26834,57.638,,-1.74219,6.259,OFF,66.1817,,4.39796,0.00777,0.0122,,-1.67835,6.25498,OFF,66.1801,,,4.33412,0.01179,0.0138,,0.06384,-0.00402,-0.0016
2000-08-09 05:17:00 PDT,-5.03795,6.26834,OFF,67.2307,OFF,0,57.6744,,-1.74219,6.259,OFF,65.9756,,-3.29576,0.00934,1.2551,,-1.67835,6.25498,OFF,65.974,,,-3.3596,0.01336,1.2567,,0.06384,-0.00402,-0.0016
2000-08-09 05:18:00 PDT,-5.03795,6.26834,OFF,66.8872,OFF,0,57.7105,,-1.74219,6.259,OFF,65.8068,,-3.29576,0.00934,1.0804,,-1.67835,6.25498,OFF,65.8052,,,-3.3596,0.01336,1.082,,0.06384,-0.00402,-0.0016
2000-08-09 05:19:00 PDT,-5.03795,6.26834,OFF,66.6056,OFF,0,57.7464,,-1.74219,6.259,OFF,65.6678,,-3.29576,0.00934,0.9378,,-1.67835,6.25498,OFF,65.6663,,,-3.3596,0.01336,0.9393,,0.06384,-0.00402,-0.0015
2000-08-09 05:20:00 PDT,-5.03795,6.26834,OFF,66.3745,OFF,0,57.782,,-1.74219,6.259,OFF,65.5531,,-3.29576,0.00934,0.8214,,-1.67835,6.25498,OFF,65.5516,,,-3.3596,0.01336,0.8229,,0.06384,-0.00402,-0.0015
2000-08-09 05:21:00 PDT,-5.03795,6.26834,OFF,66.1846,OFF,0,57.8174,,-1.74219,6.259,OFF,65.4583,,-3.29576,0.00934,0.7263,,-1.67835,6.25498,OFF,65.4569,,,-3.3596,0.01336,0.7277,,0.06384,-0.00402,-0.0014
2000-08-09 05:22:00 PDT,-5.03795,6.26834,OFF,66.0283,OFF,0,57.8525,,-1.74219,6.259,OFF,65.3798,,-3.29576,0.00934,0.6485,,-1.67835,6.25498,OFF,65.3783,,,-3.3596,0.01336,0.65,,0.06384,-0.00402,-0.0015
2000-08-09 05:23:00 PDT,-5.03795,6.26834,OFF,65.8995,OFF,0,57.8874,,-1.74219,6.259,OFF,65.3145,,-3.29576,0.00934,0.585,,-1.67835,6.25498,OFF,65.3131,,,-3.3596,0.01336,0.5864,,0.06384,-0.00402,-0.0014
2000-08-09 05:24:00 PDT,-5.03795,6.26834,OFF,65.7931,OFF,0,57.922,,-1.74219,6.259,OFF,65.2601,,-3.29576,0.00934,0.533,,-1.67835,6.25498,OFF,65.2587,,,-3.3596,0.01336,0.5344,,0.06384,-0.00402,-0.0014
2000-08-09 05:25:00 PDT,-5.03795,6.26834,OFF,65.7051,OFF,0,57.9564,,-1.74219,6.259,OFF,65.2146,,-3.29576,0.00934,0.4905,,-1.67835,6.25498,OFF,65.2132,,,-3.3596,0.01336,0.4919,,0.06384,-0.00402,-0.0014
2000-08-09 05:26:00 PDT,-5.03795,6.26834,OFF,65.632,OFF,0,57.9905,,-1.74219,6.259,OFF,65.1763,,-3.29576,0.00934,0.4557,,-1.67835,6.25498,OFF,65.175,,,-3.3596,0.01336,0.457,,0.06384,-0.00402,-0.0013
2000-08-09 05:27:00 PDT,-5.03795,6.26834,OFF,65.5712,OFF,0,58.0244,,-1.74219,6.259,OFF,65.1441,,-3.29576,0.00934,0.4271,,-1.67835,6.25498,OFF,65.1427,,,-3.3596,0.01336,0.4285,,0.06384,-0.00402,-0.0014
2000-08-09 05:28:00 PDT,-5.03795,6.26834,OFF,65.5204,OFF,0,58.058,,-1.74219,6.259,OFF,65.1168,,-3.29576,0.00934,0.4036,,-1.67835,6.25498,OFF,65.1154,,,-3.3596,0.01336,0.405,,0.06384,-0.00402,-0.0014
2000-08-09 05:29:00 PDT,-5.03795,6.26834,OFF,65.4779,OFF,0,58.0914,,-1.74219,6.259,OFF,65.0935,,-3.29576,0.00934,0.3844,,-1.67835,6.25498,OFF,65.0922,,,-3.3596,0.01336,0.3857,,0.06384,-0.00402,-0.0013
2000-08-09 05:30:00 PDT,1.48455,6.26834,OFF,65.4421,OFF,0,58.1245,,2.37653,6.259,OFF,65.0736,,-0.89198,0.00934,0.3685,,2.43656,6.25498,OFF,65.0723,,,-0.95201,0.01336,0.3698,,0.06003,-0.00402,-0.0013
2000-08-09 05:31:00 PDT,1.48455,6.26834,OFF,65.4118,OFF,0,58.1574,,2.37653,6.259,OFF,65.0564,,-0.89198,0.00934,0.3554,,2.43656,6.25498,OFF,65.0551,,,-0.95201,0.01336,0.3567,,0.06003,-0.00402,-0.0013
2000-08-09 05:32:00 PDT,1.48455,6.26834,OFF,65.3861,OFF,0,58.19,,2.37653,6.259,OFF,65.0415,,-0.89198,0.00934,0.3446,,2.43656,6.25498,OFF,65.0402,,,-0.95201,0.01336,0.3459,,0.06003,-0.00402,-0.0013
2000-08-09 05:33:00 PDT,1.48455,6.26834,OFF,65.3641,OFF,0,58.2224,,2.37653,6.259,OFF,65.0285,,-0.89198,0.00934,0.3356,,2.43656,6.25498,OFF,65.0272,,,-0.95201,0.01336,0.3369,,0.06003,-0.00402,-0.0013
2000-08-09 05:34:00 PDT,1.48455,6.26834,OFF,65.3452,OFF,0,58.2545,,2.37653,6.259,OFF,65.0171,,-0.89198,0.00934,0.3281,,2.43656,6.25498,OFF,65.0158,,,-0.95201,0.01336,0.3294,,0.06003,-0.00402,-0.0013
2000-08-09 05:35:00 PDT,1.48455,6.26834,OFF,65.3289,OFF,0,58.2864,,2.37653,6.259,OFF,65.007,,-0.89198,0.00934,0.3219,,2.43656,6.25498,OFF,65.0057,,,-0.95201,0.01336,0.3232,,0.06003,-0.00402,-0.0013
2000-08-09 05:36:00 PDT,1.48455,6.26834,OFF,65.3147,OFF,0,58.318,,2.37653,6.259,OFF,64.998,,-0.89198,0.00934,0.3167,,2.43656,6.25498,OFF,64.9967,,,-0.95201,0.01336,0.318,,0.06003,-0.00402,-0.0013
2000-08-09 05:37:00 PDT,1.48455,6.26834,OFF,65.3022,OFF,0,58.3494,,2.37653,6.259,OFF,64.99,,-0.89198,0.00934,0.3122,,2.64549,6.31208,ON,64.9887,,,-1.16094,-0.04374,0.3135,,0.26896,0.05308,-0.0013
2000-08-09 05:38:00 PDT,1.48455,6.26834,OFF,65.2912,OFF,0,58.3805,,2.37653,6.259,OFF,64.9828,,-0.89198,0.00934,0.3084,,2.64549,6.31208,ON,66.2274,,,-1.16094,-0.04374,-0.9362,,0.26896,0.05308,1.2446
2000-08-09 05:39:00 PDT,1.48455,6.26834,OFF,65.2814,OFF,0,58.4114,,2.37653,6.259,OFF,64.9762,,-0.89198,0.00934,0.3052,,-5.21592,6.311,OFF,67.28,,,6.70047,-0.04266,-1.9986,,-7.59245,0.052,2.3038
2000-08-09 05:40:00 PDT,1.48455,6.26834,OFF,65.2727,OFF,0,58.442,,2.37653,6.259,OFF,64.9702,,-0.89198,0.00934,0.3025,,-5.21592,6.311,OFF,66.9345,,,6.70047,-0.04266,-1.6618,,-7.59245,0.052,1.9643
2000-08-09 05:41:00 PDT,1.48455,6.26834,OFF,65.2648,OFF,0,58.4724,,2.64869,6.32129,ON,64.9647,,-1.16414,-0.05295,0.3001,,-5.21592,6.311,OFF,66.652,,,6.70047,-0.04266,-1.3872,,-7.86461,-0.01029,1.6873
2000-08-09 05:42:00 PDT,1.48455,6.26834,OFF,65.2577,OFF,0,58.5025,,2.64869,6.32129,ON,66.2086,,-1.16414,-0.05295,-0.9509,,-5.21592,6.311,OFF,66.4208,,,6.70047,-0.04266,-1.1631,,-7.86461,-0.01029,0.2122
2000-08-09 05:43:00 PDT,1.48455,6.26834,OFF,65.2512,OFF,0,58.5324,,-5.21159,6.31853,OFF,67.2653,,6.69614,-0.05019,-2.0141,,-5.21592,6.311,OFF,66.2316,,,6.70047,-0.04266,-0.9804,,-0.00433,-0.00753,-1.0337
2000-08-09 05:44:00 PDT,1.48455,6.26834,OFF,65.2452,OFF,0,58.562,,-5.21159,6.31853,OFF,66.9209,,6.69614,-0.05019,-1.6757,,-5.21592,6.311,OFF,66.0764,,,6.70047,-0.04266,-0.8312,,-0.00433,-0.00753,-0.8445
2000-08-09 05:45:00 PDT,1.99032,6.26834,OFF,65.2398,OFF,0,58.5914,,-2.60295,6.31853,OFF,66.6392,,4.59327,-0.05019,-1.3994,,0.24409,6.311,OFF,65.9493,,,1.74623,-0.04266,-0.7095,,2.84704,-0.00753,-0.6899
2000-08-09 05:46:00 PDT,1.99032,6.26834,OFF,65.2348,OFF,0,58.6205,,-2.60295,6.31853,OFF,66.4089,,4.59327,-0.05019,-1.1741,,0.24409,6.311,OFF,65.8449,,,1.74623,-0.04266,-0.6101,,2.84704,-0.00753,-0.564
2000-08-09 05:47:00 PDT,1.99032,6.26834,OFF,65.2301,OFF,0,58.6494,,-2.60295,6.31853,OFF,66.2204,,4.59327,-0.05019,-0.9903,,0.24409,6.311,OFF,65.7591,,,1.74623,-0.04266,-0.529,,2.84704,-0.00753,-0.4613
2000-08-09 05:48:00 PDT,1.99032,6.26834,OFF,65.2258,OFF,0,58.678,,-2.60295,6.31853,OFF,66.0661,,4.59327,-0.05019,-0.8403,,0.24409,6.311,OFF,65.6885,,,1.74623,-0.04266,-0.4627,,2.84704,-0.00753,-0.3776
2000-08-09 05:49:00 PDT,1.99032,6.26834,OFF,65.2218,OFF,0,58.7064,,-2.60295,6.31853,OFF,65.9397,,4.59327,-0.05019,-0.7179,,0.24409,6.311,OFF,65.6304,,,1.74623,-0.04266,-0.4086,,2.84704,-0.00753,-0.3093
2000-08-09 05:50:00 PDT,1.99032,6.26834,OFF,65.218,OFF,0,58.7345,,-2.60295,6.31853,OFF,65.836,,4.59327,-0.05019,-0.618,,0.24409,6.311,OFF,65.5825,,,1.74623,-0.04266,-0.3645,,2.84704,-0.00753,-0.2535
2000-08-09 05:51:00 PDT,1.99032,6.26834,OFF,65.2145,OFF,0,58.7624,,-2.60295,6.31853,OFF,65.7509,,4.59327,-0.05019,-0.5364,,0.24409,6.311,OFF,65.5428,,,1.74623,-0.04266,-0.3283,,2.84704,-0.00753,-0.2081
2000-08-09 05:52:00 PDT,1.99032,6.26834,OFF,65.2113,OFF,0,58.79,,-2.60295,6.31853,OFF,65.6811,,4.59327,-0.05019,-0.4698,,0.24409,6.311,OFF,65.51,,,1.74623,-0.04266,-0.2987,,2.84704,-0.00753,-0.1711
2000-08-09 05:53:00 PDT,1.99032,6.26834,OFF,65.2083,OFF,0,58.8174,,-2.60295,6.31853,OFF,65.6236,,4.59327,-0.05019,-0.4153,,0.24409,6.311,OFF,65.4828,,,1.74623,-0.04266,-0.2745,,2.84704,-0.00753,-0.1408
2000-08-09 05:54:00 PDT,1.99032,6.26834,OFF,65.2054,OFF,0,58.8445,,-2.60295,6.31853,OFF,65.5763,,4.59327,-0.05019,-0.3709,,0.24409,6.311,OFF,65.4602,,,1.74623,-0.04266,-0.2548,,2.84704,-0.00753,-0.1161
2000-08-09 05:55:00 PDT,1.99032,6.26834,OFF,65.2028,OFF,0,58.8714,,-2.60295,6.31853,OFF,65.5374,,4.59327,-0.05019,-0.3346,,0.24409,6.311,OFF,65.4413,,,1.74623,-0.04266,-0.2385,,2.84704,-0.00753,-0.0961
2000-08-09 05:56:00 PDT,1.99032,6.26834,OFF,65.2004,OFF,0,58.898,,-2.60295,6.31853,OFF,65.5052,,4.59327,-0.05019,-0.3048,,0.24409,6.311,OFF,65.4255,,,1.74623,-0.04266,-0.2251,,2.84704,-0.00753,-0.0797
2000-08-09 05:57:00 PDT,1.99032,6.26834,OFF,65.1981,OFF,0,58.9244,,-2.60295,6.31853,OFF,65.4786,,4.59327,-0.05019,-0.2805,,0.24409,6.311,OFF,65.4123,,,1.74623,-0.04266,-0.2142,,2.84704,-0.00753,-0.0663
2000-08-09 05:58:00 PDT,1.99032,6.26834,OFF,65.196,OFF,0,58.9505,,-2.60295,6.31853,OFF,65.4566,,4.59327,-0.05019,-0.2606,,0.24409,6.311,OFF,65.4012,,,1.74623,-0.04266,-0.2052,,2.84704,-0.00753,-0.0554
2000-08-09 05:59:00 PDT,1.99032,6.26834,OFF,65.1941,OFF,0,58.9764,,-2.60295,6.31853,OFF,65.4383,,4.59327,-0.05019,-0.2442,,0.24409,6.311,OFF,65.3918,,,1.74623,-0.04266,-0.1977,,2.84704,-0.00753,-0.0465
