# file...... house1.csv,,,,,,,
# date...... Wed Aug 31 11:24:44 2016,,,,,,,
# user...... fathima,,,,,,,
# host...... (null),,,,,,,
# target.... controller 76,,,,,,,
# trigger... (none),,,,,,,
# interval.. 60,,,,,,,
# limit..... -2147483648,,,,,,,
# timestamp,bid_price,bid_quantity,house11:power_state,house11:air_temperature,house11:system_mode,house11:hvac_load,house11:outdoor_temperature
2000-08-09 00:00:00 PDT,0,0,OFF,70,OFF,0,57.922
2000-08-09 00:01:00 PDT,0,0,OFF,69.8515,OFF,0,57.8996
2000-08-09 00:02:00 PDT,0,0,OFF,69.7255,OFF,0,57.8775
2000-08-09 00:03:00 PDT,0,0,OFF,69.6179,OFF,0,57.8556
2000-08-09 00:04:00 PDT,0,0,OFF,69.5253,OFF,0,57.834
2000-08-09 00:05:00 PDT,0,0,OFF,69.4449,OFF,0,57.8126
2000-08-09 00:06:00 PDT,0,0,OFF,69.3746,OFF,0,57.7915
2000-08-09 00:07:00 PDT,0,0,OFF,69.3123,OFF,0,57.7706
2000-08-09 00:08:00 PDT,0,0,OFF,69.2567,OFF,0,57.75
2000-08-09 00:09:00 PDT,0,0,OFF,69.2066,OFF,0,57.7296
2000-08-09 00:10:00 PDT,0,0,OFF,69.1609,OFF,0,57.7095
2000-08-09 00:11:00 PDT,0,0,OFF,69.1188,OFF,0,57.6896
2000-08-09 00:12:00 PDT,0,0,OFF,69.0796,OFF,0,57.67
2000-08-09 00:13:00 PDT,0,0,OFF,69.0429,OFF,0,57.6506
2000-08-09 00:14:00 PDT,0,0,OFF,69.0082,OFF,0,57.6315
2000-08-09 00:15:00 PDT,0,0,OFF,68.975,OFF,0,57.6126
2000-08-09 00:16:00 PDT,0,0,OFF,68.9433,OFF,0,57.594
2000-08-09 00:17:00 PDT,0,0,OFF,68.9126,OFF,0,57.5756
2000-08-09 00:18:00 PDT,0,0,OFF,68.8798,OFF,0,57.5575
2000-08-09 00:19:00 PDT,0,0,OFF,68.848,OFF,0,57.5396
2000-08-09 00:20:00 PDT,0,0,OFF,68.8172,OFF,0,57.522
2000-08-09 00:21:00 PDT,0,0,OFF,68.7871,OFF,0,57.5046
2000-08-09 00:22:00 PDT,0,0,OFF,68.7576,OFF,0,57.4875
2000-08-09 00:23:00 PDT,0,0,OFF,68.7286,OFF,0,57.4706
2000-08-09 00:24:00 PDT,0,0,OFF,68.7,OFF,0,57.454
2000-08-09 00:25:00 PDT,0,0,OFF,68.6718,OFF,0,57.4376
2000-08-09 00:26:00 PDT,0,0,OFF,68.6439,OFF,0,57.4215
2000-08-09 00:27:00 PDT,0,0,OFF,68.6162,OFF,0,57.4056
2000-08-09 00:28:00 PDT,0,0,OFF,68.5888,OFF,0,57.39
2000-08-09 00:29:00 PDT,0,0,OFF,68.5615,OFF,0,57.3746
2000-08-09 00:30:00 PDT,0,0,OFF,68.5343,OFF,0,57.3595
2000-08-09 00:31:00 PDT,0,0,OFF,68.5073,OFF,0,57.3446
2000-08-09 00:32:00 PDT,0,0,OFF,68.4805,OFF,0,57.33
2000-08-09 00:33:00 PDT,0,0,OFF,68.4537,OFF,0,57.3156
2000-08-09 00:34:00 PDT,0,0,OFF,68.427,OFF,0,57.3015
2000-08-09 00:35:00 PDT,0,0,OFF,68.4005,OFF,0,57.2876
2000-08-09 00:36:00 PDT,0,0,OFF,68.374,OFF,0,57.274
2000-08-09 00:37:00 PDT,0,0,OFF,68.3475,OFF,0,57.2606
2000-08-09 00:38:00 PDT,0,0,OFF,68.3212,OFF,0,57.2475
2000-08-09 00:39:00 PDT,0,0,OFF,68.2949,OFF,0,57.2346
2000-08-09 00:40:00 PDT,0,0,OFF,68.2687,OFF,0,57.222
2000-08-09 00:41:00 PDT,0,0,OFF,68.2426,OFF,0,57.2096
2000-08-09 00:42:00 PDT,0,0,OFF,68.2165,OFF,0,57.1975
2000-08-09 00:43:00 PDT,0,0,OFF,68.1904,OFF,0,57.1856
2000-08-09 00:44:00 PDT,0,0,OFF,68.1645,OFF,0,57.174
2000-08-09 00:45:00 PDT,0,0,OFF,68.1386,OFF,0,57.1626
2000-08-09 00:46:00 PDT,0,0,OFF,68.1127,OFF,0,57.1515
2000-08-09 00:47:00 PDT,0,0,OFF,68.0869,OFF,0,57.1406
2000-08-09 00:48:00 PDT,0,0,OFF,68.0612,OFF,0,57.13
2000-08-09 00:49:00 PDT,0,0,OFF,68.0355,OFF,0,57.1196
2000-08-09 00:50:00 PDT,0,0,OFF,68.0099,OFF,0,57.1095
2000-08-09 00:51:00 PDT,0,0,OFF,67.9843,OFF,0,57.0996
2000-08-09 00:52:00 PDT,0,0,OFF,67.9589,OFF,0,57.09
2000-08-09 00:53:00 PDT,0,0,OFF,67.9334,OFF,0,57.0806
2000-08-09 00:54:00 PDT,0,0,OFF,67.908,OFF,0,57.0715
2000-08-09 00:55:00 PDT,0,0,OFF,67.8827,OFF,0,57.0626
2000-08-09 00:56:00 PDT,0,0,OFF,67.8575,OFF,0,57.054
2000-08-09 00:57:00 PDT,0,0,OFF,67.8323,OFF,0,57.0456
2000-08-09 00:58:00 PDT,0,0,OFF,67.8071,OFF,0,57.0375
2000-08-09 00:59:00 PDT,0,0,OFF,67.7821,OFF,0,57.0296
2000-08-09 01:00:00 PDT,0,0,OFF,67.7571,OFF,0,57.022
2000-08-09 01:01:00 PDT,0,0,OFF,67.7321,OFF,0,57.0308
2000-08-09 01:02:00 PDT,0,0,OFF,67.7074,OFF,0,57.0394
2000-08-09 01:03:00 PDT,0,0,OFF,67.683,OFF,0,57.0476
2000-08-09 01:04:00 PDT,0,0,OFF,67.6588,OFF,0,57.0556
2000-08-09 01:05:00 PDT,0,0,OFF,67.6348,OFF,0,57.0632
2000-08-09 01:06:00 PDT,0,0,OFF,67.6109,OFF,0,57.0706
2000-08-09 01:07:00 PDT,0,0,OFF,67.5872,OFF,0,57.0776
2000-08-09 01:08:00 PDT,0,0,OFF,67.5636,OFF,0,57.0844
2000-08-09 01:09:00 PDT,0,0,OFF,67.5401,OFF,0,57.0908
2000-08-09 01:10:00 PDT,0,0,OFF,67.5168,OFF,0,57.097
2000-08-09 01:11:00 PDT,0,0,OFF,67.4935,OFF,0,57.1028
2000-08-09 01:12:00 PDT,0,0,OFF,67.4703,OFF,0,57.1084
2000-08-09 01:13:00 PDT,0,0,OFF,67.4472,OFF,0,57.1136
2000-08-09 01:14:00 PDT,0,0,OFF,67.4242,OFF,0,57.1186
2000-08-09 01:15:00 PDT,-5.69684,0,OFF,67.4012,OFF,0,57.1232
2000-08-09 01:16:00 PDT,-5.69684,0,OFF,67.3784,OFF,0,57.1276
2000-08-09 01:17:00 PDT,-5.69684,0,OFF,67.3556,OFF,0,57.1316
2000-08-09 01:18:00 PDT,-5.69684,0,OFF,67.3317,OFF,0,57.1354
2000-08-09 01:19:00 PDT,-5.69684,0,OFF,67.3081,OFF,0,57.1388
2000-08-09 01:20:00 PDT,-5.69684,0,OFF,67.2846,OFF,0,57.142
2000-08-09 01:21:00 PDT,-5.69684,0,OFF,67.2612,OFF,0,57.1448
2000-08-09 01:22:00 PDT,-5.69684,0,OFF,67.238,OFF,0,57.1474
2000-08-09 01:23:00 PDT,-5.69684,0,OFF,67.2149,OFF,0,57.1496
2000-08-09 01:24:00 PDT,-5.69684,0,OFF,67.1919,OFF,0,57.1516
2000-08-09 01:25:00 PDT,-5.69684,0,OFF,67.1689,OFF,0,57.1532
2000-08-09 01:26:00 PDT,-5.69684,0,OFF,67.1461,OFF,0,57.1546
2000-08-09 01:27:00 PDT,-5.69684,0,OFF,67.1233,OFF,0,57.1556
2000-08-09 01:28:00 PDT,-5.69684,0,OFF,67.1006,OFF,0,57.1564
2000-08-09 01:29:00 PDT,-5.69684,0,OFF,67.078,OFF,0,57.1568
2000-08-09 01:30:00 PDT,-4.25571,0,OFF,67.0554,OFF,0,57.157
2000-08-09 01:31:00 PDT,-4.25571,0,OFF,67.0328,OFF,0,57.1568
2000-08-09 01:32:00 PDT,-4.25571,0,OFF,67.0104,OFF,0,57.1564
2000-08-09 01:33:00 PDT,-4.25571,0,OFF,66.9879,OFF,0,57.1556
2000-08-09 01:34:00 PDT,-4.25571,0,OFF,66.9656,OFF,0,57.1546
2000-08-09 01:35:00 PDT,-4.25571,0,OFF,66.9432,OFF,0,57.1532
2000-08-09 01:36:00 PDT,-4.25571,0,OFF,66.921,OFF,0,57.1516
2000-08-09 01:37:00 PDT,-4.25571,0,OFF,66.8987,OFF,0,57.1496
2000-08-09 01:38:00 PDT,-4.25571,0,OFF,66.8765,OFF,0,57.1474
2000-08-09 01:39:00 PDT,-4.25571,0,OFF,66.8543,OFF,0,57.1448
2000-08-09 01:40:00 PDT,-4.25571,0,OFF,66.8322,OFF,0,57.142
2000-08-09 01:41:00 PDT,-4.25571,0,OFF,66.8101,OFF,0,57.1388
2000-08-09 01:42:00 PDT,-4.25571,0,OFF,66.7881,OFF,0,57.1354
2000-08-09 01:43:00 PDT,-4.25571,0,OFF,66.7661,OFF,0,57.1316
2000-08-09 01:44:00 PDT,-4.25571,0,OFF,66.7441,OFF,0,57.1276
2000-08-09 01:45:00 PDT,-2.89159,0,OFF,66.7221,OFF,0,57.1232
2000-08-09 01:46:00 PDT,-2.89159,0,OFF,66.7002,OFF,0,57.1186
2000-08-09 01:47:00 PDT,-2.89159,0,OFF,66.6783,OFF,0,57.1136
2000-08-09 01:48:00 PDT,-2.89159,0,OFF,66.6564,OFF,0,57.1084
2000-08-09 01:49:00 PDT,-2.89159,0,OFF,66.6346,OFF,0,57.1028
2000-08-09 01:50:00 PDT,-2.89159,0,OFF,66.6128,OFF,0,57.097
2000-08-09 01:51:00 PDT,-2.89159,0,OFF,66.591,OFF,0,57.0908
2000-08-09 01:52:00 PDT,-2.89159,0,OFF,66.5693,OFF,0,57.0844
2000-08-09 01:53:00 PDT,-2.89159,0,OFF,66.5475,OFF,0,57.0776
2000-08-09 01:54:00 PDT,-2.89159,0,OFF,66.5258,OFF,0,57.0706
2000-08-09 01:55:00 PDT,-2.89159,0,OFF,66.5042,OFF,0,57.0632
2000-08-09 01:56:00 PDT,-2.89159,0,OFF,66.4825,OFF,0,57.0556
2000-08-09 01:57:00 PDT,-2.89159,0,OFF,66.4609,OFF,0,57.0476
2000-08-09 01:58:00 PDT,-2.89159,0,OFF,66.4392,OFF,0,57.0394
2000-08-09 01:59:00 PDT,-2.89159,0,OFF,66.4176,OFF,0,57.0308
2000-08-09 02:00:00 PDT,-1.53373,0,OFF,66.3961,OFF,0,57.022
2000-08-09 02:01:00 PDT,-1.53373,0,OFF,66.3745,OFF,0,56.9863
2000-08-09 02:02:00 PDT,-1.53373,0,OFF,66.3526,OFF,0,56.9512
2000-08-09 02:03:00 PDT,-1.53373,0,OFF,66.3304,OFF,0,56.9167
2000-08-09 02:04:00 PDT,-1.53373,0,OFF,66.308,OFF,0,56.8828
2000-08-09 02:05:00 PDT,-1.53373,0,OFF,66.2854,OFF,0,56.8495
2000-08-09 02:06:00 PDT,-1.53373,0,OFF,66.2627,OFF,0,56.8168
2000-08-09 02:07:00 PDT,-1.53373,0,OFF,66.2398,OFF,0,56.7847
2000-08-09 02:08:00 PDT,-1.53373,0,OFF,66.2169,OFF,0,56.7532
2000-08-09 02:09:00 PDT,-1.53373,0,OFF,66.1938,OFF,0,56.7223
2000-08-09 02:10:00 PDT,-1.53373,0,OFF,66.1708,OFF,0,56.692
2000-08-09 02:11:00 PDT,-1.53373,0,OFF,66.1477,OFF,0,56.6623
2000-08-09 02:12:00 PDT,-1.53373,0,OFF,66.1245,OFF,0,56.6332
2000-08-09 02:13:00 PDT,-1.53373,0,OFF,66.1014,OFF,0,56.6047
2000-08-09 02:14:00 PDT,-1.53373,0,OFF,66.0782,OFF,0,56.5768
2000-08-09 02:15:00 PDT,-0.113008,0,OFF,66.0551,OFF,0,56.5495
2000-08-09 02:16:00 PDT,-0.113008,0,OFF,66.0319,OFF,0,56.5228
2000-08-09 02:17:00 PDT,-0.113008,0,OFF,66.0088,OFF,0,56.4967
2000-08-09 02:18:00 PDT,-0.113008,0,OFF,65.9851,OFF,0,56.4712
2000-08-09 02:19:00 PDT,-0.113008,0,OFF,65.9615,OFF,0,56.4463
2000-08-09 02:20:00 PDT,-0.113008,0,OFF,65.938,OFF,0,56.422
2000-08-09 02:21:00 PDT,-0.113008,0,OFF,65.9145,OFF,0,56.3983
2000-08-09 02:22:00 PDT,-0.113008,0,OFF,65.8911,OFF,0,56.3752
2000-08-09 02:23:00 PDT,-0.113008,0,OFF,65.8678,OFF,0,56.3527
2000-08-09 02:24:00 PDT,-0.113008,0,OFF,65.8445,OFF,0,56.3308
2000-08-09 02:25:00 PDT,-0.113008,0,OFF,65.8213,OFF,0,56.3095
2000-08-09 02:26:00 PDT,-0.113008,0,OFF,65.7981,OFF,0,56.2888
2000-08-09 02:27:00 PDT,-0.113008,0,OFF,65.775,OFF,0,56.2687
2000-08-09 02:28:00 PDT,-0.113008,0,OFF,65.7519,OFF,0,56.2492
2000-08-09 02:29:00 PDT,-0.113008,0,OFF,65.7289,OFF,0,56.2303
2000-08-09 02:30:00 PDT,0.825642,0,OFF,65.706,OFF,0,56.212
2000-08-09 02:31:00 PDT,0.825642,0,OFF,65.683,OFF,0,56.1943
2000-08-09 02:32:00 PDT,0.825642,0,OFF,65.6602,OFF,0,56.1772
2000-08-09 02:33:00 PDT,0.825642,0,OFF,65.6374,OFF,0,56.1607
2000-08-09 02:34:00 PDT,0.825642,0,OFF,65.6146,OFF,0,56.1448
2000-08-09 02:35:00 PDT,0.825642,0,OFF,65.5919,OFF,0,56.1295
2000-08-09 02:36:00 PDT,1.16729,6.16037,ON,65.5693,HEAT,6.16037,56.1148
2000-08-09 02:37:00 PDT,1.16729,6.16037,ON,66.7421,HEAT,6.15864,56.1007
2000-08-09 02:38:00 PDT,0,0,OFF,67.7352,OFF,0,56.0872
2000-08-09 02:39:00 PDT,0,0,OFF,67.3872,OFF,0,56.0743
2000-08-09 02:40:00 PDT,0,0,OFF,67.099,OFF,0,56.062
2000-08-09 02:41:00 PDT,0,0,OFF,66.8598,OFF,0,56.0503
2000-08-09 02:42:00 PDT,0,0,OFF,66.6603,OFF,0,56.0392
2000-08-09 02:43:00 PDT,0,0,OFF,66.4935,OFF,0,56.0287
2000-08-09 02:44:00 PDT,0,0,OFF,66.3531,OFF,0,56.0188
2000-08-09 02:45:00 PDT,-0.886886,6.15864,OFF,66.2344,OFF,0,56.0095
2000-08-09 02:46:00 PDT,-0.886886,6.15864,OFF,66.1334,OFF,0,56.0008
2000-08-09 02:47:00 PDT,-0.886886,6.15864,OFF,66.0468,OFF,0,55.9927
2000-08-09 02:48:00 PDT,-0.886886,6.15864,OFF,65.972,OFF,0,55.9852
2000-08-09 02:49:00 PDT,-0.886886,6.15864,OFF,65.9068,OFF,0,55.9783
2000-08-09 02:50:00 PDT,-0.886886,6.15864,OFF,65.8495,OFF,0,55.972
2000-08-09 02:51:00 PDT,-0.886886,6.15864,OFF,65.7986,OFF,0,55.9663
2000-08-09 02:52:00 PDT,-0.886886,6.15864,OFF,65.753,OFF,0,55.9612
2000-08-09 02:53:00 PDT,-0.886886,6.15864,OFF,65.7116,OFF,0,55.9567
2000-08-09 02:54:00 PDT,-0.886886,6.15864,OFF,65.6738,OFF,0,55.9528
2000-08-09 02:55:00 PDT,-0.886886,6.15864,OFF,65.6389,OFF,0,55.9495
2000-08-09 02:56:00 PDT,-0.886886,6.15864,OFF,65.6064,OFF,0,55.9468
2000-08-09 02:57:00 PDT,-0.886886,6.15864,OFF,65.5759,OFF,0,55.9447
2000-08-09 02:58:00 PDT,-0.886886,6.15864,OFF,65.5469,OFF,0,55.9432
2000-08-09 02:59:00 PDT,-0.886886,6.15864,OFF,65.5193,OFF,0,55.9423
2000-08-09 03:00:00 PDT,1.35784,6.15864,OFF,65.4928,OFF,0,55.942
2000-08-09 03:01:00 PDT,1.35784,6.15864,OFF,65.4672,OFF,0,55.9688
2000-08-09 03:02:00 PDT,1.35784,6.15864,OFF,65.4427,OFF,0,55.9954
2000-08-09 03:03:00 PDT,1.35784,6.15864,OFF,65.4192,OFF,0,56.0216
2000-08-09 03:04:00 PDT,1.35784,6.15864,OFF,65.3965,OFF,0,56.0476
2000-08-09 03:05:00 PDT,1.35784,6.15864,OFF,65.3744,OFF,0,56.0732
2000-08-09 03:06:00 PDT,1.35784,6.15864,OFF,65.3529,OFF,0,56.0986
2000-08-09 03:07:00 PDT,1.35784,6.15864,OFF,65.3319,OFF,0,56.1236
2000-08-09 03:08:00 PDT,1.35784,6.15864,OFF,65.3112,OFF,0,56.1484
2000-08-09 03:09:00 PDT,1.35784,6.15864,OFF,65.291,OFF,0,56.1728
2000-08-09 03:10:00 PDT,1.35784,6.15864,OFF,65.271,OFF,0,56.197
2000-08-09 03:11:00 PDT,1.35784,6.15864,OFF,65.2512,OFF,0,56.2208
2000-08-09 03:12:00 PDT,1.35784,6.15864,OFF,65.2318,OFF,0,56.2444
2000-08-09 03:13:00 PDT,1.35784,6.15864,OFF,65.2125,OFF,0,56.2676
2000-08-09 03:14:00 PDT,1.35784,6.15864,OFF,65.1934,OFF,0,56.2906
2000-08-09 03:15:00 PDT,2.15364,6.15864,OFF,65.1745,OFF,0,56.3132
2000-08-09 03:16:00 PDT,2.15364,6.15864,OFF,65.1557,OFF,0,56.3356
2000-08-09 03:17:00 PDT,2.15364,6.15864,OFF,65.1371,OFF,0,56.3576
2000-08-09 03:18:00 PDT,2.15364,6.15864,OFF,65.1186,OFF,0,56.3794
2000-08-09 03:19:00 PDT,2.15364,6.15864,OFF,65.1002,OFF,0,56.4008
2000-08-09 03:20:00 PDT,2.15364,6.15864,OFF,65.0819,OFF,0,56.422
2000-08-09 03:21:00 PDT,2.15364,6.15864,OFF,65.0638,OFF,0,56.4428
2000-08-09 03:22:00 PDT,2.15364,6.15864,OFF,65.0458,OFF,0,56.4634
2000-08-09 03:23:00 PDT,2.15364,6.15864,OFF,65.0278,OFF,0,56.4836
2000-08-09 03:24:00 PDT,2.15364,6.15864,OFF,65.01,OFF,0,56.5036
2000-08-09 03:25:00 PDT,2.15364,6.15864,OFF,64.9923,OFF,0,56.5232
2000-08-09 03:26:00 PDT,2.65329,6.19487,ON,64.9746,HEAT,6.19487,56.5426
2000-08-09 03:27:00 PDT,2.65329,6.19487,ON,66.1631,HEAT,6.19387,56.5616
2000-08-09 03:28:00 PDT,-4.7887,6.19387,OFF,67.1708,OFF,0,56.5804
2000-08-09 03:29:00 PDT,-4.7887,6.19387,OFF,66.8249,OFF,0,56.5988
2000-08-09 03:30:00 PDT,-2.15772,6.19387,OFF,66.5394,OFF,0,56.617
2000-08-09 03:31:00 PDT,-2.15772,6.19387,OFF,66.3033,OFF,0,56.6348
2000-08-09 03:32:00 PDT,-2.15772,6.19387,OFF,66.1073,OFF,0,56.6524
2000-08-09 03:33:00 PDT,-2.15772,6.19387,OFF,65.9443,OFF,0,56.6696
2000-08-09 03:34:00 PDT,-2.15772,6.19387,OFF,65.808,OFF,0,56.6866
2000-08-09 03:35:00 PDT,-2.15772,6.19387,OFF,65.6936,OFF,0,56.7032
2000-08-09 03:36:00 PDT,-2.15772,6.19387,OFF,65.597,OFF,0,56.7196
2000-08-09 03:37:00 PDT,-2.15772,6.19387,OFF,65.515,OFF,0,56.7356
2000-08-09 03:38:00 PDT,-2.15772,6.19387,OFF,65.4449,OFF,0,56.7514
2000-08-09 03:39:00 PDT,-2.15772,6.19387,OFF,65.3844,OFF,0,56.7668
2000-08-09 03:40:00 PDT,-2.15772,6.19387,OFF,65.3319,OFF,0,56.782
2000-08-09 03:41:00 PDT,-2.15772,6.19387,OFF,65.2859,OFF,0,56.7968
2000-08-09 03:42:00 PDT,-2.15772,6.19387,OFF,65.2452,OFF,0,56.8114
2000-08-09 03:43:00 PDT,-2.15772,6.19387,OFF,65.2089,OFF,0,56.8256
2000-08-09 03:44:00 PDT,-2.15772,6.19387,OFF,65.176,OFF,0,56.8396
2000-08-09 03:45:00 PDT,2.22456,6.19387,OFF,65.1461,OFF,0,56.8532
2000-08-09 03:46:00 PDT,2.22456,6.19387,OFF,65.1185,OFF,0,56.8666
2000-08-09 03:47:00 PDT,2.22456,6.19387,OFF,65.0929,OFF,0,56.8796
2000-08-09 03:48:00 PDT,2.22456,6.19387,OFF,65.0689,OFF,0,56.8924
2000-08-09 03:49:00 PDT,2.22456,6.19387,OFF,65.0463,OFF,0,56.9048
2000-08-09 03:50:00 PDT,2.22456,6.19387,OFF,65.0247,OFF,0,56.917
2000-08-09 03:51:00 PDT,2.22456,6.19387,OFF,65.004,OFF,0,56.9288
2000-08-09 03:52:00 PDT,2.22456,6.19387,OFF,64.984,OFF,0,56.9404
2000-08-09 03:53:00 PDT,2.67811,6.23036,ON,64.9647,HEAT,6.23036,56.9516
2000-08-09 03:54:00 PDT,2.67811,6.23036,ON,66.1627,HEAT,6.22882,56.9626
2000-08-09 03:55:00 PDT,-4.82006,6.22882,OFF,67.1784,OFF,0,56.9732
2000-08-09 03:56:00 PDT,-4.82006,6.22882,OFF,66.8289,OFF,0,56.9836
2000-08-09 03:57:00 PDT,-4.82006,6.22882,OFF,66.5406,OFF,0,56.9936
2000-08-09 03:58:00 PDT,-4.82006,6.22882,OFF,66.3022,OFF,0,57.0034
2000-08-09 03:59:00 PDT,-4.82006,6.22882,OFF,66.1046,OFF,0,57.0128
2000-08-09 04:00:00 PDT,0.239227,6.22882,OFF,65.9402,OFF,0,57.022
2000-08-09 04:01:00 PDT,0.239227,6.22882,OFF,65.803,OFF,0,57.0058
2000-08-09 04:02:00 PDT,0.239227,6.22882,OFF,65.6875,OFF,0,56.9901
2000-08-09 04:03:00 PDT,0.239227,6.22882,OFF,65.5897,OFF,0,56.975
2000-08-09 04:04:00 PDT,0.239227,6.22882,OFF,65.5065,OFF,0,56.9604
2000-08-09 04:05:00 PDT,0.239227,6.22882,OFF,65.4351,OFF,0,56.9464
2000-08-09 04:06:00 PDT,0.239227,6.22882,OFF,65.3734,OFF,0,56.9329
2000-08-09 04:07:00 PDT,0.239227,6.22882,OFF,65.3195,OFF,0,56.92
2000-08-09 04:08:00 PDT,0.239227,6.22882,OFF,65.2721,OFF,0,56.9076
2000-08-09 04:09:00 PDT,0.239227,6.22882,OFF,65.23,OFF,0,56.8958
2000-08-09 04:10:00 PDT,0.239227,6.22882,OFF,65.1921,OFF,0,56.8845
2000-08-09 04:11:00 PDT,0.239227,6.22882,OFF,65.1578,OFF,0,56.8738
2000-08-09 04:12:00 PDT,0.239227,6.22882,OFF,65.1264,OFF,0,56.8636
2000-08-09 04:13:00 PDT,0.239227,6.22882,OFF,65.0973,OFF,0,56.854
2000-08-09 04:14:00 PDT,0.239227,6.22882,OFF,65.0702,OFF,0,56.8449
2000-08-09 04:15:00 PDT,2.47824,6.22882,OFF,65.0446,OFF,0,56.8364
2000-08-09 04:16:00 PDT,2.47824,6.22882,OFF,65.0204,OFF,0,56.8284
2000-08-09 04:17:00 PDT,2.47824,6.22882,OFF,64.9973,OFF,0,56.821
2000-08-09 04:18:00 PDT,2.65225,6.22019,ON,64.975,HEAT,6.22019,56.8141
2000-08-09 04:19:00 PDT,2.65225,6.22019,ON,66.1671,HEAT,6.21706,56.8078
2000-08-09 04:20:00 PDT,-4.81471,6.21706,OFF,67.1771,OFF,0,56.802
2000-08-09 04:21:00 PDT,-4.81471,6.21706,OFF,66.8263,OFF,0,56.7968
2000-08-09 04:22:00 PDT,-4.81471,6.21706,OFF,66.5366,OFF,0,56.7921
2000-08-09 04:23:00 PDT,-4.81471,6.21706,OFF,66.2969,OFF,0,56.788
2000-08-09 04:24:00 PDT,-4.81471,6.21706,OFF,66.098,OFF,0,56.7844
2000-08-09 04:25:00 PDT,-4.81471,6.21706,OFF,65.9323,OFF,0,56.7814
2000-08-09 04:26:00 PDT,-4.81471,6.21706,OFF,65.7938,OFF,0,56.7789
2000-08-09 04:27:00 PDT,-4.81471,6.21706,OFF,65.6774,OFF,0,56.777
2000-08-09 04:28:00 PDT,-4.81471,6.21706,OFF,65.5791,OFF,0,56.7756
2000-08-09 04:29:00 PDT,-4.81471,6.21706,OFF,65.4956,OFF,0,56.7748
2000-08-09 04:30:00 PDT,1.5293,6.21706,OFF,65.4242,OFF,0,56.7745
2000-08-09 04:31:00 PDT,1.5293,6.21706,OFF,65.3626,OFF,0,56.7748
2000-08-09 04:32:00 PDT,1.5293,6.21706,OFF,65.3092,OFF,0,56.7756
2000-08-09 04:33:00 PDT,1.5293,6.21706,OFF,65.2623,OFF,0,56.777
2000-08-09 04:34:00 PDT,1.5293,6.21706,OFF,65.2208,OFF,0,56.7789
2000-08-09 04:35:00 PDT,1.5293,6.21706,OFF,65.1839,OFF,0,56.7814
2000-08-09 04:36:00 PDT,1.5293,6.21706,OFF,65.1506,OFF,0,56.7844
2000-08-09 04:37:00 PDT,1.5293,6.21706,OFF,65.1203,OFF,0,56.788
2000-08-09 04:38:00 PDT,1.5293,6.21706,OFF,65.0925,OFF,0,56.7921
2000-08-09 04:39:00 PDT,1.5293,6.21706,OFF,65.0668,OFF,0,56.7968
2000-08-09 04:40:00 PDT,1.5293,6.21706,OFF,65.0428,OFF,0,56.802
2000-08-09 04:41:00 PDT,1.5293,6.21706,OFF,65.0201,OFF,0,56.8078
2000-08-09 04:42:00 PDT,1.5293,6.21706,OFF,64.9987,OFF,0,56.8141
2000-08-09 04:43:00 PDT,2.64433,6.22218,ON,64.9782,HEAT,6.22218,56.821
2000-08-09 04:44:00 PDT,2.64433,6.22218,ON,66.1726,HEAT,6.22076,56.8284
2000-08-09 04:45:00 PDT,-4.8491,6.22076,OFF,67.1853,OFF,0,56.8364
2000-08-09 04:46:00 PDT,-4.8491,6.22076,OFF,66.8363,OFF,0,56.8449
2000-08-09 04:47:00 PDT,-4.8491,6.22076,OFF,66.5487,OFF,0,56.854
2000-08-09 04:48:00 PDT,-4.8491,6.22076,OFF,66.311,OFF,0,56.8636
2000-08-09 04:49:00 PDT,-4.8491,6.22076,OFF,66.1142,OFF,0,56.8738
2000-08-09 04:50:00 PDT,-4.8491,6.22076,OFF,65.9507,OFF,0,56.8845
2000-08-09 04:51:00 PDT,-4.8491,6.22076,OFF,65.8145,OFF,0,56.8958
2000-08-09 04:52:00 PDT,-4.8491,6.22076,OFF,65.7004,OFF,0,56.9076
2000-08-09 04:53:00 PDT,-4.8491,6.22076,OFF,65.6046,OFF,0,56.92
2000-08-09 04:54:00 PDT,-4.8491,6.22076,OFF,65.5236,OFF,0,56.9329
2000-08-09 04:55:00 PDT,-4.8491,6.22076,OFF,65.4547,OFF,0,56.9464
2000-08-09 04:56:00 PDT,-4.8491,6.22076,OFF,65.3958,OFF,0,56.9604
2000-08-09 04:57:00 PDT,-4.8491,6.22076,OFF,65.345,OFF,0,56.975
2000-08-09 04:58:00 PDT,-4.8491,6.22076,OFF,65.3009,OFF,0,56.9901
2000-08-09 04:59:00 PDT,-4.8491,6.22076,OFF,65.2623,OFF,0,57.0058
2000-08-09 05:00:00 PDT,2.01926,6.22076,OFF,65.2282,OFF,0,57.022
2000-08-09 05:01:00 PDT,2.01926,6.22076,OFF,65.1978,OFF,0,57.0624
2000-08-09 05:02:00 PDT,2.01926,6.22076,OFF,65.171,OFF,0,57.1025
2000-08-09 05:03:00 PDT,2.01926,6.22076,OFF,65.1471,OFF,0,57.1424
2000-08-09 05:04:00 PDT,2.01926,6.22076,OFF,65.1256,OFF,0,57.182
2000-08-09 05:05:00 PDT,2.01926,6.22076,OFF,65.1062,OFF,0,57.2214
2000-08-09 05:06:00 PDT,2.01926,6.22076,OFF,65.0884,OFF,0,57.2605
2000-08-09 05:07:00 PDT,2.01926,6.22076,OFF,65.0721,OFF,0,57.2994
2000-08-09 05:08:00 PDT,2.01926,6.22076,OFF,65.0571,OFF,0,57.338
2000-08-09 05:09:00 PDT,2.01926,6.22076,OFF,65.043,OFF,0,57.3764
2000-08-09 05:10:00 PDT,2.01926,6.22076,OFF,65.0298,OFF,0,57.4145
2000-08-09 05:11:00 PDT,2.01926,6.22076,OFF,65.0174,OFF,0,57.4524
2000-08-09 05:12:00 PDT,2.01926,6.22076,OFF,65.0056,OFF,0,57.49
2000-08-09 05:13:00 PDT,2.01926,6.22076,OFF,64.9945,OFF,0,57.5274
2000-08-09 05:14:00 PDT,2.01926,6.22076,OFF,64.9838,OFF,0,57.5645
2000-08-09 05:15:00 PDT,2.65577,6.26677,ON,64.9736,HEAT,6.26677,57.6014
2000-08-09 05:16:00 PDT,2.65577,6.26677,ON,66.1939,HEAT,6.26834,57.638
2000-08-09 05:17:00 PDT,-5.03795,6.26834,OFF,67.2307,OFF,0,57.6744
2000-08-09 05:18:00 PDT,-5.03795,6.26834,OFF,66.8872,OFF,0,57.7105
2000-08-09 05:19:00 PDT,-5.03795,6.26834,OFF,66.6056,OFF,0,57.7464
2000-08-09 05:20:00 PDT,-5.03795,6.26834,OFF,66.3745,OFF,0,57.782
2000-08-09 05:21:00 PDT,-5.03795,6.26834,OFF,66.1846,OFF,0,57.8174
2000-08-09 05:22:00 PDT,-5.03795,6.26834,OFF,66.0283,OFF,0,57.8525
2000-08-09 05:23:00 PDT,-5.03795,6.26834,OFF,65.8995,OFF,0,57.8874
2000-08-09 05:24:00 PDT,-5.03795,6.26834,OFF,65.7931,OFF,0,57.922
2000-08-09 05:25:00 PDT,-5.03795,6.26834,OFF,65.7051,OFF,0,57.9564
2000-08-09 05:26:00 PDT,-5.03795,6.26834,OFF,65.632,OFF,0,57.9905
2000-08-09 05:27:00 PDT,-5.03795,6.26834,OFF,65.5712,OFF,0,58.0244
2000-08-09 05:28:00 PDT,-5.03795,6.26834,OFF,65.5204,OFF,0,58.058
2000-08-09 05:29:00 PDT,-5.03795,6.26834,OFF,65.4779,OFF,0,58.0914
2000-08-09 05:30:00 PDT,1.48455,6.26834,OFF,65.4421,OFF,0,58.1245
2000-08-09 05:31:00 PDT,1.48455,6.26834,OFF,65.4118,OFF,0,58.1574
2000-08-09 05:32:00 PDT,1.48455,6.26834,OFF,65.3861,OFF,0,58.19
2000-08-09 05:33:00 PDT,1.48455,6.26834,OFF,65.3641,OFF,0,58.2224
2000-08-09 05:34:00 PDT,1.48455,6.26834,OFF,65.3452,OFF,0,58.2545
2000-08-09 05:35:00 PDT,1.48455,6.26834,OFF,65.3289,OFF,0,58.2864
2000-08-09 05:36:00 PDT,1.48455,6.26834,OFF,65.3147,OFF,0,58.318
2000-08-09 05:37:00 PDT,1.48455,6.26834,OFF,65.3022,OFF,0,58.3494
2000-08-09 05:38:00 PDT,1.48455,6.26834,OFF,65.2912,OFF,0,58.3805
2000-08-09 05:39:00 PDT,1.48455,6.26834,OFF,65.2814,OFF,0,58.4114
2000-08-09 05:40:00 PDT,1.48455,6.26834,OFF,65.2727,OFF,0,58.442
2000-08-09 05:41:00 PDT,1.48455,6.26834,OFF,65.2648,OFF,0,58.4724
2000-08-09 05:42:00 PDT,1.48455,6.26834,OFF,65.2577,OFF,0,58.5025
2000-08-09 05:43:00 PDT,1.48455,6.26834,OFF,65.2512,OFF,0,58.5324
2000-08-09 05:44:00 PDT,1.48455,6.26834,OFF,65.2452,OFF,0,58.562
2000-08-09 05:45:00 PDT,1.99032,6.26834,OFF,65.2398,OFF,0,58.5914
2000-08-09 05:46:00 PDT,1.99032,6.26834,OFF,65.2348,OFF,0,58.6205
2000-08-09 05:47:00 PDT,1.99032,6.26834,OFF,65.2301,OFF,0,58.6494
2000-08-09 05:48:00 PDT,1.99032,6.26834,OFF,65.2258,OFF,0,58.678
2000-08-09 05:49:00 PDT,1.99032,6.26834,OFF,65.2218,OFF,0,58.7064
2000-08-09 05:50:00 PDT,1.99032,6.26834,OFF,65.218,OFF,0,58.7345
2000-08-09 05:51:00 PDT,1.99032,6.26834,OFF,65.2145,OFF,0,58.7624
2000-08-09 05:52:00 PDT,1.99032,6.26834,OFF,65.2113,OFF,0,58.79
2000-08-09 05:53:00 PDT,1.99032,6.26834,OFF,65.2083,OFF,0,58.8174
2000-08-09 05:54:00 PDT,1.99032,6.26834,OFF,65.2054,OFF,0,58.8445
2000-08-09 05:55:00 PDT,1.99032,6.26834,OFF,65.2028,OFF,0,58.8714
2000-08-09 05:56:00 PDT,1.99032,6.26834,OFF,65.2004,OFF,0,58.898
2000-08-09 05:57:00 PDT,1.99032,6.26834,OFF,65.1981,OFF,0,58.9244
2000-08-09 05:58:00 PDT,1.99032,6.26834,OFF,65.196,OFF,0,58.9505
2000-08-09 05:59:00 PDT,1.99032,6.26834,OFF,65.1941,OFF,0,58.9764
2000-08-09 06:00:00 PDT,2.10898,6.26834,OFF,65.1923,OFF,0,59.002
2000-08-09 06:01:00 PDT,2.10898,6.26834,OFF,65.1907,OFF,0,59.0126
2000-08-09 06:02:00 PDT,2.10898,6.26834,OFF,65.189,OFF,0,59.0235
2000-08-09 06:03:00 PDT,2.10898,6.26834,OFF,65.1873,OFF,0,59.0346
2000-08-09 06:04:00 PDT,2.10898,6.26834,OFF,65.1855,OFF,0,59.046
2000-08-09 06:05:00 PDT,2.10898,6.26834,OFF,65.1838,OFF,0,59.0576
2000-08-09 06:06:00 PDT,2.10898,6.26834,OFF,65.182,OFF,0,59.0695
2000-08-09 06:07:00 PDT,2.10898,6.26834,OFF,65.1804,OFF,0,59.0816
2000-08-09 06:08:00 PDT,2.10898,6.26834,OFF,65.1787,OFF,0,59.094
2000-08-09 06:09:00 PDT,2.10898,6.26834,OFF,65.1772,OFF,0,59.1066
2000-08-09 06:10:00 PDT,2.10898,6.26834,OFF,65.1757,OFF,0,59.1195
2000-08-09 06:11:00 PDT,2.10898,6.26834,OFF,65.1744,OFF,0,59.1326
2000-08-09 06:12:00 PDT,2.10898,6.26834,OFF,65.1731,OFF,0,59.146
2000-08-09 06:13:00 PDT,2.10898,6.26834,OFF,65.1719,OFF,0,59.1596
2000-08-09 06:14:00 PDT,2.10898,6.26834,OFF,65.1709,OFF,0,59.1735
2000-08-09 06:15:00 PDT,2.16493,6.26834,OFF,65.1699,OFF,0,59.1876
2000-08-09 06:16:00 PDT,2.16493,6.26834,OFF,65.1691,OFF,0,59.202
2000-08-09 06:17:00 PDT,2.16493,6.26834,OFF,65.1684,OFF,0,59.2166
2000-08-09 06:18:00 PDT,2.16493,6.26834,OFF,65.1695,OFF,0,59.2315
2000-08-09 06:19:00 PDT,2.16493,6.26834,OFF,65.1704,OFF,0,59.2466
2000-08-09 06:20:00 PDT,2.16493,6.26834,OFF,65.1714,OFF,0,59.262
2000-08-09 06:21:00 PDT,2.16493,6.26834,OFF,65.1723,OFF,0,59.2776
2000-08-09 06:22:00 PDT,2.16493,6.26834,OFF,65.1733,OFF,0,59.2935
2000-08-09 06:23:00 PDT,2.16493,6.26834,OFF,65.1743,OFF,0,59.3096
2000-08-09 06:24:00 PDT,2.16493,6.26834,OFF,65.1754,OFF,0,59.326
2000-08-09 06:25:00 PDT,2.16493,6.26834,OFF,65.1765,OFF,0,59.3426
2000-08-09 06:26:00 PDT,2.16493,6.26834,OFF,65.1778,OFF,0,59.3595
2000-08-09 06:27:00 PDT,2.16493,6.26834,OFF,65.1791,OFF,0,59.3766
2000-08-09 06:28:00 PDT,2.16493,6.26834,OFF,65.1805,OFF,0,59.394
2000-08-09 06:29:00 PDT,2.16493,6.26834,OFF,65.182,OFF,0,59.4116
2000-08-09 06:30:00 PDT,2.13073,6.26834,OFF,65.1836,OFF,0,59.4295
2000-08-09 06:31:00 PDT,2.13073,6.26834,OFF,65.1854,OFF,0,59.4476
2000-08-09 06:32:00 PDT,2.13073,6.26834,OFF,65.1872,OFF,0,59.466
2000-08-09 06:33:00 PDT,2.13073,6.26834,OFF,65.1892,OFF,0,59.4846
2000-08-09 06:34:00 PDT,2.13073,6.26834,OFF,65.1913,OFF,0,59.5035
2000-08-09 06:35:00 PDT,2.13073,6.26834,OFF,65.1935,OFF,0,59.5226
2000-08-09 06:36:00 PDT,2.13073,6.26834,OFF,65.1958,OFF,0,59.542
2000-08-09 06:37:00 PDT,2.13073,6.26834,OFF,65.1983,OFF,0,59.5616
2000-08-09 06:38:00 PDT,2.13073,6.26834,OFF,65.2009,OFF,0,59.5815
2000-08-09 06:39:00 PDT,2.13073,6.26834,OFF,65.2036,OFF,0,59.6016
2000-08-09 06:40:00 PDT,2.13073,6.26834,OFF,65.2065,OFF,0,59.622
2000-08-09 06:41:00 PDT,2.13073,6.26834,OFF,65.2094,OFF,0,59.6426
2000-08-09 06:42:00 PDT,2.13073,6.26834,OFF,65.2125,OFF,0,59.6635
2000-08-09 06:43:00 PDT,2.13073,6.26834,OFF,65.2158,OFF,0,59.6846
2000-08-09 06:44:00 PDT,2.13073,6.26834,OFF,65.2191,OFF,0,59.706
2000-08-09 06:45:00 PDT,2.03321,6.26834,OFF,65.2226,OFF,0,59.7276
2000-08-09 06:46:00 PDT,2.03321,6.26834,OFF,65.2263,OFF,0,59.7495
2000-08-09 06:47:00 PDT,2.03321,6.26834,OFF,65.23,OFF,0,59.7716
2000-08-09 06:48:00 PDT,2.03321,6.26834,OFF,65.2339,OFF,0,59.794
2000-08-09 06:49:00 PDT,2.03321,6.26834,OFF,65.2379,OFF,0,59.8166
2000-08-09 06:50:00 PDT,2.03321,6.26834,OFF,65.2421,OFF,0,59.8395
2000-08-09 06:51:00 PDT,2.03321,6.26834,OFF,65.2464,OFF,0,59.8626
2000-08-09 06:52:00 PDT,2.03321,6.26834,OFF,65.2508,OFF,0,59.886
2000-08-09 06:53:00 PDT,2.03321,6.26834,OFF,65.2554,OFF,0,59.9096
2000-08-09 06:54:00 PDT,2.03321,6.26834,OFF,65.2601,OFF,0,59.9335
2000-08-09 06:55:00 PDT,2.03321,6.26834,OFF,65.2649,OFF,0,59.9576
2000-08-09 06:56:00 PDT,2.03321,6.26834,OFF,65.2699,OFF,0,59.982
2000-08-09 06:57:00 PDT,2.03321,6.26834,OFF,65.275,OFF,0,60.0066
2000-08-09 06:58:00 PDT,2.03321,6.26834,OFF,65.2802,OFF,0,60.0315
2000-08-09 06:59:00 PDT,2.03321,6.26834,OFF,65.2856,OFF,0,60.0566
2000-08-09 07:00:00 PDT,1.8621,6.26834,OFF,65.2911,OFF,0,60.082
2000-08-09 07:01:00 PDT,1.8621,6.26834,OFF,65.2967,OFF,0,60.115
2000-08-09 07:02:00 PDT,1.8621,6.26834,OFF,65.3024,OFF,0,60.148
2000-08-09 07:03:00 PDT,1.8621,6.26834,OFF,65.3081,OFF,0,60.181
2000-08-09 07:04:00 PDT,1.8621,6.26834,OFF,65.3139,OFF,0,60.214
2000-08-09 07:05:00 PDT,1.8621,6.26834,OFF,65.3198,OFF,0,60.247
2000-08-09 07:06:00 PDT,1.8621,6.26834,OFF,65.3257,OFF,0,60.28
2000-08-09 07:07:00 PDT,1.8621,6.26834,OFF,65.3317,OFF,0,60.313
2000-08-09 07:08:00 PDT,1.8621,6.26834,OFF,65.3378,OFF,0,60.346
2000-08-09 07:09:00 PDT,1.8621,6.26834,OFF,65.344,OFF,0,60.379
2000-08-09 07:10:00 PDT,1.8621,6.26834,OFF,65.3503,OFF,0,60.412
2000-08-09 07:11:00 PDT,1.8621,6.26834,OFF,65.3566,OFF,0,60.445
2000-08-09 07:12:00 PDT,1.8621,6.26834,OFF,65.3631,OFF,0,60.478
2000-08-09 07:13:00 PDT,1.8621,6.26834,OFF,65.3697,OFF,0,60.511
2000-08-09 07:14:00 PDT,1.8621,6.26834,OFF,65.3764,OFF,0,60.544
2000-08-09 07:15:00 PDT,1.6318,6.26834,OFF,65.3832,OFF,0,60.577
2000-08-09 07:16:00 PDT,1.6318,6.26834,OFF,65.3901,OFF,0,60.61
2000-08-09 07:17:00 PDT,1.6318,6.26834,OFF,65.3972,OFF,0,60.643
2000-08-09 07:18:00 PDT,1.6318,6.26834,OFF,65.4054,OFF,0,60.676
2000-08-09 07:19:00 PDT,1.6318,6.26834,OFF,65.4137,OFF,0,60.709
2000-08-09 07:20:00 PDT,1.6318,6.26834,OFF,65.4219,OFF,0,60.742
2000-08-09 07:21:00 PDT,1.6318,6.26834,OFF,65.4303,OFF,0,60.775
2000-08-09 07:22:00 PDT,1.6318,6.26834,OFF,65.4386,OFF,0,60.808
2000-08-09 07:23:00 PDT,1.6318,6.26834,OFF,65.4471,OFF,0,60.841
2000-08-09 07:24:00 PDT,1.6318,6.26834,OFF,65.4556,OFF,0,60.874
2000-08-09 07:25:00 PDT,1.6318,6.26834,OFF,65.4643,OFF,0,60.907
2000-08-09 07:26:00 PDT,1.6318,6.26834,OFF,65.4731,OFF,0,60.94
2000-08-09 07:27:00 PDT,1.6318,6.26834,OFF,65.4819,OFF,0,60.973
2000-08-09 07:28:00 PDT,1.6318,6.26834,OFF,65.4909,OFF,0,61.006
2000-08-09 07:29:00 PDT,1.6318,6.26834,OFF,65.5,OFF,0,61.039
2000-08-09 07:30:00 PDT,1.31653,6.26834,OFF,65.5093,OFF,0,61.072
2000-08-09 07:31:00 PDT,1.31653,6.26834,OFF,65.5187,OFF,0,61.105
2000-08-09 07:32:00 PDT,1.31653,6.26834,OFF,65.5282,OFF,0,61.138
2000-08-09 07:33:00 PDT,1.31653,6.26834,OFF,65.5379,OFF,0,61.171
2000-08-09 07:34:00 PDT,1.31653,6.26834,OFF,65.5478,OFF,0,61.204
2000-08-09 07:35:00 PDT,1.31653,6.26834,OFF,65.5578,OFF,0,61.237
2000-08-09 07:36:00 PDT,1.31653,6.26834,OFF,65.5679,OFF,0,61.27
2000-08-09 07:37:00 PDT,1.31653,6.26834,OFF,65.5782,OFF,0,61.303
2000-08-09 07:38:00 PDT,1.31653,6.26834,OFF,65.5887,OFF,0,61.336
2000-08-09 07:39:00 PDT,1.31653,6.26834,OFF,65.5993,OFF,0,61.369
2000-08-09 07:40:00 PDT,1.31653,6.26834,OFF,65.6101,OFF,0,61.402
2000-08-09 07:41:00 PDT,1.31653,6.26834,OFF,65.6211,OFF,0,61.435
2000-08-09 07:42:00 PDT,1.31653,6.26834,OFF,65.6322,OFF,0,61.468
2000-08-09 07:43:00 PDT,1.31653,6.26834,OFF,65.6436,OFF,0,61.501
2000-08-09 07:44:00 PDT,1.31653,6.26834,OFF,65.655,OFF,0,61.534
2000-08-09 07:45:00 PDT,0.92301,6.26834,OFF,65.6667,OFF,0,61.567
2000-08-09 07:46:00 PDT,0.92301,6.26834,OFF,65.6786,OFF,0,61.6
2000-08-09 07:47:00 PDT,0.92301,6.26834,OFF,65.6906,OFF,0,61.633
2000-08-09 07:48:00 PDT,0.92301,6.26834,OFF,65.7028,OFF,0,61.666
2000-08-09 07:49:00 PDT,0.92301,6.26834,OFF,65.7152,OFF,0,61.699
2000-08-09 07:50:00 PDT,0.92301,6.26834,OFF,65.7278,OFF,0,61.732
2000-08-09 07:51:00 PDT,0.92301,6.26834,OFF,65.7406,OFF,0,61.765
2000-08-09 07:52:00 PDT,0.92301,6.26834,OFF,65.7536,OFF,0,61.798
2000-08-09 07:53:00 PDT,0.92301,6.26834,OFF,65.7668,OFF,0,61.831
2000-08-09 07:54:00 PDT,0.92301,6.26834,OFF,65.7801,OFF,0,61.864
2000-08-09 07:55:00 PDT,0.92301,6.26834,OFF,65.7937,OFF,0,61.897
2000-08-09 07:56:00 PDT,0.92301,6.26834,OFF,65.8075,OFF,0,61.93
2000-08-09 07:57:00 PDT,0.92301,6.26834,OFF,65.8215,OFF,0,61.963
2000-08-09 07:58:00 PDT,0.92301,6.26834,OFF,65.8357,OFF,0,61.996
2000-08-09 07:59:00 PDT,0.92301,6.26834,OFF,65.85,OFF,0,62.029
2000-08-09 08:00:00 PDT,0.428181,6.26834,OFF,65.8646,OFF,0,62.062
2000-08-09 08:01:00 PDT,0.428181,6.26834,OFF,65.8795,OFF,0,62.1038
2000-08-09 08:02:00 PDT,0.428181,6.26834,OFF,65.8949,OFF,0,62.1454
2000-08-09 08:03:00 PDT,0.428181,6.26834,OFF,65.911,OFF,0,62.1866
2000-08-09 08:04:00 PDT,0.428181,6.26834,OFF,65.9277,OFF,0,62.2276
2000-08-09 08:05:00 PDT,0.428181,6.26834,OFF,65.9448,OFF,0,62.2682
2000-08-09 08:06:00 PDT,0.428181,6.26834,OFF,65.9624,OFF,0,62.3086
2000-08-09 08:07:00 PDT,0.428181,6.26834,OFF,65.9805,OFF,0,62.3486
2000-08-09 08:08:00 PDT,0.428181,6.26834,OFF,65.9989,OFF,0,62.3884
2000-08-09 08:09:00 PDT,0.428181,6.26834,OFF,66.0177,OFF,0,62.4278
2000-08-09 08:10:00 PDT,0.428181,6.26834,OFF,66.0368,OFF,0,62.467
2000-08-09 08:11:00 PDT,0.428181,6.26834,OFF,66.0563,OFF,0,62.5058
2000-08-09 08:12:00 PDT,0.428181,6.26834,OFF,66.0761,OFF,0,62.5444
2000-08-09 08:13:00 PDT,0.428181,6.26834,OFF,66.0963,OFF,0,62.5826
2000-08-09 08:14:00 PDT,0.428181,6.26834,OFF,66.1167,OFF,0,62.6206
2000-08-09 08:15:00 PDT,-0.48269,6.26834,OFF,66.1374,OFF,0,62.6582
2000-08-09 08:16:00 PDT,-0.48269,6.26834,OFF,66.1584,OFF,0,62.6956
2000-08-09 08:17:00 PDT,-0.48269,6.26834,OFF,66.1797,OFF,0,62.7326
2000-08-09 08:18:00 PDT,-0.48269,6.26834,OFF,66.2012,OFF,0,62.7694
2000-08-09 08:19:00 PDT,-0.48269,6.26834,OFF,66.223,OFF,0,62.8058
2000-08-09 08:20:00 PDT,-0.48269,6.26834,OFF,66.2451,OFF,0,62.842
2000-08-09 08:21:00 PDT,-0.48269,6.26834,OFF,66.2674,OFF,0,62.8778
2000-08-09 08:22:00 PDT,-0.48269,6.26834,OFF,66.2899,OFF,0,62.9134
2000-08-09 08:23:00 PDT,-0.48269,6.26834,OFF,66.3127,OFF,0,62.9486
2000-08-09 08:24:00 PDT,-0.48269,6.26834,OFF,66.3358,OFF,0,62.9836
2000-08-09 08:25:00 PDT,-0.48269,6.26834,OFF,66.359,OFF,0,63.0182
2000-08-09 08:26:00 PDT,-0.48269,6.26834,OFF,66.3825,OFF,0,63.0526
2000-08-09 08:27:00 PDT,-0.48269,6.26834,OFF,66.4062,OFF,0,63.0866
2000-08-09 08:28:00 PDT,-0.48269,6.26834,OFF,66.4302,OFF,0,63.1204
2000-08-09 08:29:00 PDT,-0.48269,6.26834,OFF,66.4543,OFF,0,63.1538
2000-08-09 08:30:00 PDT,-1.90486,6.26834,OFF,66.4787,OFF,0,63.187
2000-08-09 08:31:00 PDT,-1.90486,6.26834,OFF,66.5033,OFF,0,63.2198
2000-08-09 08:32:00 PDT,-1.90486,6.26834,OFF,66.5281,OFF,0,63.2524
2000-08-09 08:33:00 PDT,-1.90486,6.26834,OFF,66.5531,OFF,0,63.2846
2000-08-09 08:34:00 PDT,-1.90486,6.26834,OFF,66.5783,OFF,0,63.3166
2000-08-09 08:35:00 PDT,-1.90486,6.26834,OFF,66.6036,OFF,0,63.3482
2000-08-09 08:36:00 PDT,-1.90486,6.26834,OFF,66.6292,OFF,0,63.3796
2000-08-09 08:37:00 PDT,-1.90486,6.26834,OFF,66.655,OFF,0,63.4106
2000-08-09 08:38:00 PDT,-1.90486,6.26834,OFF,66.6809,OFF,0,63.4414
2000-08-09 08:39:00 PDT,-1.90486,6.26834,OFF,66.7071,OFF,0,63.4718
2000-08-09 08:40:00 PDT,-1.90486,6.26834,OFF,66.7334,OFF,0,63.502
2000-08-09 08:41:00 PDT,-1.90486,6.26834,OFF,66.7599,OFF,0,63.5318
2000-08-09 08:42:00 PDT,-1.90486,6.26834,OFF,66.7865,OFF,0,63.5614
2000-08-09 08:43:00 PDT,-1.90486,6.26834,OFF,66.8133,OFF,0,63.5906
2000-08-09 08:44:00 PDT,-1.90486,6.26834,OFF,66.8403,OFF,0,63.6196
2000-08-09 08:45:00 PDT,-3.52469,6.26834,OFF,66.8675,OFF,0,63.6482
2000-08-09 08:46:00 PDT,-3.52469,6.26834,OFF,66.8948,OFF,0,63.6766
2000-08-09 08:47:00 PDT,-3.52469,6.26834,OFF,66.9222,OFF,0,63.7046
2000-08-09 08:48:00 PDT,-3.52469,6.26834,OFF,66.9499,OFF,0,63.7324
2000-08-09 08:49:00 PDT,-3.52469,6.26834,OFF,66.9776,OFF,0,63.7598
2000-08-09 08:50:00 PDT,-3.52469,6.26834,OFF,67.0055,OFF,0,63.787
2000-08-09 08:51:00 PDT,-3.52469,6.26834,OFF,67.0336,OFF,0,63.8138
2000-08-09 08:52:00 PDT,-3.52469,6.26834,OFF,67.0618,OFF,0,63.8404
2000-08-09 08:53:00 PDT,-3.52469,6.26834,OFF,67.0901,OFF,0,63.8666
2000-08-09 08:54:00 PDT,-3.52469,6.26834,OFF,67.1185,OFF,0,63.8926
2000-08-09 08:55:00 PDT,-3.52469,6.26834,OFF,67.1471,OFF,0,63.9182
2000-08-09 08:56:00 PDT,-3.52469,6.26834,OFF,67.1758,OFF,0,63.9436
2000-08-09 08:57:00 PDT,-3.52469,6.26834,OFF,67.2047,OFF,0,63.9686
2000-08-09 08:58:00 PDT,-3.52469,6.26834,OFF,67.2336,OFF,0,63.9934
2000-08-09 08:59:00 PDT,-3.52469,6.26834,OFF,67.2627,OFF,0,64.0178
2000-08-09 09:00:00 PDT,-5.29799,6.26834,OFF,67.2919,OFF,0,64.042
2000-08-09 09:01:00 PDT,-5.29799,6.26834,OFF,67.3211,OFF,0,64.0304
2000-08-09 09:02:00 PDT,-5.29799,6.26834,OFF,67.3497,OFF,0,64.0198
2000-08-09 09:03:00 PDT,-5.29799,6.26834,OFF,67.3777,OFF,0,64.01
2000-08-09 09:04:00 PDT,-5.29799,6.26834,OFF,67.4052,OFF,0,64.0012
2000-08-09 09:05:00 PDT,-5.29799,6.26834,OFF,67.4324,OFF,0,63.9932
2000-08-09 09:06:00 PDT,-5.29799,6.26834,OFF,67.4592,OFF,0,63.9862
2000-08-09 09:07:00 PDT,-5.29799,6.26834,OFF,67.4859,OFF,0,63.98
2000-08-09 09:08:00 PDT,-5.29799,6.26834,OFF,67.5123,OFF,0,63.9748
2000-08-09 09:09:00 PDT,-5.29799,6.26834,OFF,67.5386,OFF,0,63.9704
2000-08-09 09:10:00 PDT,-5.29799,6.26834,OFF,67.5648,OFF,0,63.967
2000-08-09 09:11:00 PDT,-5.29799,6.26834,OFF,67.5909,OFF,0,63.9644
2000-08-09 09:12:00 PDT,-5.29799,6.26834,OFF,67.6169,OFF,0,63.9628
2000-08-09 09:13:00 PDT,-5.29799,6.26834,OFF,67.643,OFF,0,63.962
2000-08-09 09:14:00 PDT,-5.29799,6.26834,OFF,67.669,OFF,0,63.9622
2000-08-09 09:15:00 PDT,0,0,OFF,67.695,OFF,0,63.9632
2000-08-09 09:16:00 PDT,0,0,OFF,67.7211,OFF,0,63.9652
2000-08-09 09:17:00 PDT,0,0,OFF,67.7472,OFF,0,63.968
2000-08-09 09:18:00 PDT,0,0,OFF,67.7733,OFF,0,63.9718
2000-08-09 09:19:00 PDT,0,0,OFF,67.7995,OFF,0,63.9764
2000-08-09 09:20:00 PDT,0,0,OFF,67.8257,OFF,0,63.982
2000-08-09 09:21:00 PDT,0,0,OFF,67.852,OFF,0,63.9884
2000-08-09 09:22:00 PDT,0,0,OFF,67.8785,OFF,0,63.9958
2000-08-09 09:23:00 PDT,0,0,OFF,67.9049,OFF,0,64.004
2000-08-09 09:24:00 PDT,0,0,OFF,67.9315,OFF,0,64.0132
2000-08-09 09:25:00 PDT,0,0,OFF,67.9582,OFF,0,64.0232
2000-08-09 09:26:00 PDT,0,0,OFF,67.985,OFF,0,64.0342
2000-08-09 09:27:00 PDT,0,0,OFF,68.0119,OFF,0,64.046
2000-08-09 09:28:00 PDT,0,0,OFF,68.0389,OFF,0,64.0588
2000-08-09 09:29:00 PDT,0,0,OFF,68.066,OFF,0,64.0724
2000-08-09 09:30:00 PDT,0,0,OFF,68.0933,OFF,0,64.087
2000-08-09 09:31:00 PDT,0,0,OFF,68.1207,OFF,0,64.1024
2000-08-09 09:32:00 PDT,0,0,OFF,68.1482,OFF,0,64.1188
2000-08-09 09:33:00 PDT,0,0,OFF,68.1758,OFF,0,64.136
2000-08-09 09:34:00 PDT,0,0,OFF,68.2037,OFF,0,64.1542
2000-08-09 09:35:00 PDT,0,0,OFF,68.2316,OFF,0,64.1732
2000-08-09 09:36:00 PDT,0,0,OFF,68.2597,OFF,0,64.1932
2000-08-09 09:37:00 PDT,0,0,OFF,68.288,OFF,0,64.214
2000-08-09 09:38:00 PDT,0,0,OFF,68.3164,OFF,0,64.2358
2000-08-09 09:39:00 PDT,0,0,OFF,68.3451,OFF,0,64.2584
2000-08-09 09:40:00 PDT,0,0,OFF,68.3738,OFF,0,64.282
2000-08-09 09:41:00 PDT,0,0,OFF,68.4028,OFF,0,64.3064
2000-08-09 09:42:00 PDT,0,0,OFF,68.432,OFF,0,64.3318
2000-08-09 09:43:00 PDT,0,0,OFF,68.4613,OFF,0,64.358
2000-08-09 09:44:00 PDT,0,0,OFF,68.4908,OFF,0,64.3852
2000-08-09 09:45:00 PDT,0,0,OFF,68.5205,OFF,0,64.4132
2000-08-09 09:46:00 PDT,0,0,OFF,68.5505,OFF,0,64.4422
2000-08-09 09:47:00 PDT,0,0,OFF,68.5806,OFF,0,64.472
2000-08-09 09:48:00 PDT,0,0,OFF,68.6109,OFF,0,64.5028
2000-08-09 09:49:00 PDT,0,0,OFF,68.6415,OFF,0,64.5344
2000-08-09 09:50:00 PDT,0,0,OFF,68.6723,OFF,0,64.567
2000-08-09 09:51:00 PDT,0,0,OFF,68.7032,OFF,0,64.6004
2000-08-09 09:52:00 PDT,0,0,OFF,68.7345,OFF,0,64.6348
2000-08-09 09:53:00 PDT,0,0,OFF,68.7659,OFF,0,64.67
2000-08-09 09:54:00 PDT,0,0,OFF,68.7976,OFF,0,64.7062
2000-08-09 09:55:00 PDT,0,0,OFF,68.8295,OFF,0,64.7432
2000-08-09 09:56:00 PDT,0,0,OFF,68.8617,OFF,0,64.7812
2000-08-09 09:57:00 PDT,0,0,OFF,68.8941,OFF,0,64.82
2000-08-09 09:58:00 PDT,0,0,OFF,68.9268,OFF,0,64.8598
2000-08-09 09:59:00 PDT,0,0,OFF,68.9598,OFF,0,64.9004
2000-08-09 10:00:00 PDT,0,0,OFF,68.993,OFF,0,64.942
2000-08-09 10:01:00 PDT,0,0,OFF,69.0264,OFF,0,65.0375
2000-08-09 10:02:00 PDT,0,0,OFF,69.0614,OFF,0,65.1322
2000-08-09 10:03:00 PDT,0,0,OFF,69.0976,OFF,0,65.2259
2000-08-09 10:04:00 PDT,0,0,OFF,69.135,OFF,0,65.3188
2000-08-09 10:05:00 PDT,0,0,OFF,69.1734,OFF,0,65.4107
2000-08-09 10:06:00 PDT,0,0,OFF,69.2127,OFF,0,65.5018
2000-08-09 10:07:00 PDT,0,0,OFF,69.2527,OFF,0,65.5919
2000-08-09 10:08:00 PDT,0,0,OFF,69.2934,OFF,0,65.6812
2000-08-09 10:09:00 PDT,0,0,OFF,69.3348,OFF,0,65.7695
2000-08-09 10:10:00 PDT,0,0,OFF,69.3768,OFF,0,65.857
2000-08-09 10:11:00 PDT,0,0,OFF,69.4193,OFF,0,65.9435
2000-08-09 10:12:00 PDT,0,0,OFF,69.4623,OFF,0,66.0292
2000-08-09 10:13:00 PDT,0,0,OFF,69.5057,OFF,0,66.1139
2000-08-09 10:14:00 PDT,0,0,OFF,69.5496,OFF,0,66.1978
2000-08-09 10:15:00 PDT,0,0,OFF,69.594,OFF,0,66.2807
2000-08-09 10:16:00 PDT,0,0,OFF,69.6387,OFF,0,66.3628
2000-08-09 10:17:00 PDT,0,0,OFF,69.6837,OFF,0,66.4439
2000-08-09 10:18:00 PDT,0,0,OFF,69.7292,OFF,0,66.5242
2000-08-09 10:19:00 PDT,0,0,OFF,69.7749,OFF,0,66.6035
2000-08-09 10:20:00 PDT,0,0,OFF,69.821,OFF,0,66.682
2000-08-09 10:21:00 PDT,0,0,OFF,69.8674,OFF,0,66.7595
2000-08-09 10:22:00 PDT,0,0,OFF,69.9141,OFF,0,66.8362
2000-08-09 10:23:00 PDT,0,0,OFF,69.9611,OFF,0,66.9119
2000-08-09 10:24:00 PDT,0,0,OFF,70.0084,OFF,0,66.9868
2000-08-09 10:25:00 PDT,0,0,OFF,70.056,OFF,0,67.0607
2000-08-09 10:26:00 PDT,0,0,OFF,70.1038,OFF,0,67.1338
2000-08-09 10:27:00 PDT,0,0,OFF,70.1518,OFF,0,67.2059
2000-08-09 10:28:00 PDT,0,0,OFF,70.2002,OFF,0,67.2772
2000-08-09 10:29:00 PDT,0,0,OFF,70.2487,OFF,0,67.3475
2000-08-09 10:30:00 PDT,0,0,OFF,70.2975,OFF,0,67.417
2000-08-09 10:31:00 PDT,0,0,OFF,70.3465,OFF,0,67.4855
2000-08-09 10:32:00 PDT,0,0,OFF,70.3957,OFF,0,67.5532
2000-08-09 10:33:00 PDT,0,0,OFF,70.4451,OFF,0,67.6199
2000-08-09 10:34:00 PDT,0,0,OFF,70.4948,OFF,0,67.6858
2000-08-09 10:35:00 PDT,0,0,OFF,70.5447,OFF,0,67.7507
2000-08-09 10:36:00 PDT,0,0,OFF,70.5948,OFF,0,67.8148
2000-08-09 10:37:00 PDT,0,0,OFF,70.645,OFF,0,67.8779
2000-08-09 10:38:00 PDT,0,0,OFF,70.6954,OFF,0,67.9402
2000-08-09 10:39:00 PDT,0,0,OFF,70.746,OFF,0,68.0015
2000-08-09 10:40:00 PDT,0,0,OFF,70.7966,OFF,0,68.062
2000-08-09 10:41:00 PDT,0,0,OFF,70.8475,OFF,0,68.1215
2000-08-09 10:42:00 PDT,0,0,OFF,70.8984,OFF,0,68.1802
2000-08-09 10:43:00 PDT,0,0,OFF,70.9495,OFF,0,68.2379
2000-08-09 10:44:00 PDT,0,0,OFF,71.0008,OFF,0,68.2948
2000-08-09 10:45:00 PDT,-3.92904,0,OFF,71.0521,OFF,0,68.3507
2000-08-09 10:46:00 PDT,-3.92904,0,OFF,71.1035,OFF,0,68.4058
2000-08-09 10:47:00 PDT,-3.92904,0,OFF,71.1551,OFF,0,68.4599
2000-08-09 10:48:00 PDT,-3.92904,0,OFF,71.2067,OFF,0,68.5132
2000-08-09 10:49:00 PDT,-3.92904,0,OFF,71.2584,OFF,0,68.5655
2000-08-09 10:50:00 PDT,-3.92904,0,OFF,71.3102,OFF,0,68.617
2000-08-09 10:51:00 PDT,-3.92904,0,OFF,71.3621,OFF,0,68.6675
2000-08-09 10:52:00 PDT,-3.92904,0,OFF,71.414,OFF,0,68.7172
2000-08-09 10:53:00 PDT,-3.92904,0,OFF,71.466,OFF,0,68.7659
2000-08-09 10:54:00 PDT,-3.92904,0,OFF,71.518,OFF,0,68.8138
2000-08-09 10:55:00 PDT,-3.92904,0,OFF,71.5701,OFF,0,68.8607
2000-08-09 10:56:00 PDT,-3.92904,0,OFF,71.6222,OFF,0,68.9068
2000-08-09 10:57:00 PDT,-3.92904,0,OFF,71.6744,OFF,0,68.9519
2000-08-09 10:58:00 PDT,-3.92904,0,OFF,71.7266,OFF,0,68.9962
2000-08-09 10:59:00 PDT,-3.92904,0,OFF,71.7788,OFF,0,69.0395
2000-08-09 11:00:00 PDT,-0.683598,0,OFF,71.831,OFF,0,69.082
2000-08-09 11:01:00 PDT,-0.683598,0,OFF,71.8832,OFF,0,69.0881
2000-08-09 11:02:00 PDT,-0.683598,0,OFF,71.935,OFF,0,69.0946
2000-08-09 11:03:00 PDT,-0.683598,0,OFF,71.9863,OFF,0,69.1013
2000-08-09 11:04:00 PDT,-0.683598,0,OFF,72.0373,OFF,0,69.1084
2000-08-09 11:05:00 PDT,-0.683598,0,OFF,72.0881,OFF,0,69.1157
2000-08-09 11:06:00 PDT,-0.683598,0,OFF,72.1386,OFF,0,69.1234
2000-08-09 11:07:00 PDT,-0.683598,0,OFF,72.1889,OFF,0,69.1313
2000-08-09 11:08:00 PDT,-0.683598,0,OFF,72.2391,OFF,0,69.1396
2000-08-09 11:09:00 PDT,-0.683598,0,OFF,72.2891,OFF,0,69.1481
2000-08-09 11:10:00 PDT,-0.683598,0,OFF,72.3389,OFF,0,69.157
2000-08-09 11:11:00 PDT,-0.683598,0,OFF,72.3887,OFF,0,69.1661
2000-08-09 11:12:00 PDT,-0.683598,0,OFF,72.4383,OFF,0,69.1756
2000-08-09 11:13:00 PDT,-0.683598,0,OFF,72.4878,OFF,0,69.1853
2000-08-09 11:14:00 PDT,-0.683598,0,OFF,72.5372,OFF,0,69.1954
2000-08-09 11:15:00 PDT,1.48697,0,OFF,72.5865,OFF,0,69.2057
2000-08-09 11:16:00 PDT,1.48697,0,OFF,72.6358,OFF,0,69.2164
2000-08-09 11:17:00 PDT,1.48697,0,OFF,72.6849,OFF,0,69.2273
2000-08-09 11:18:00 PDT,1.48697,0,OFF,72.734,OFF,0,69.2386
2000-08-09 11:19:00 PDT,1.48697,0,OFF,72.7829,OFF,0,69.2501
2000-08-09 11:20:00 PDT,1.48697,0,OFF,72.8318,OFF,0,69.262
2000-08-09 11:21:00 PDT,1.48697,0,OFF,72.8805,OFF,0,69.2741
2000-08-09 11:22:00 PDT,1.48697,0,OFF,72.9292,OFF,0,69.2866
2000-08-09 11:23:00 PDT,1.48697,0,OFF,72.9778,OFF,0,69.2993
2000-08-09 11:24:00 PDT,1.48697,0,OFF,73.0262,OFF,0,69.3124
2000-08-09 11:25:00 PDT,2.70706,3.79391,ON,73.0746,COOL,3.79391,69.3257
2000-08-09 11:26:00 PDT,2.70706,3.79391,ON,72.2899,COOL,3.79125,69.3394
2000-08-09 11:27:00 PDT,2.70706,3.79391,ON,71.6307,COOL,3.79077,69.3533
2000-08-09 11:28:00 PDT,2.70706,3.79391,ON,71.0734,COOL,3.79452,69.3676
2000-08-09 11:29:00 PDT,-5.81972,3.79452,OFF,70.5983,OFF,0,69.3821
2000-08-09 11:30:00 PDT,-4.04571,3.79452,OFF,71.0241,OFF,0,69.397
2000-08-09 11:31:00 PDT,-4.04571,3.79452,OFF,71.3803,OFF,0,69.4121
2000-08-09 11:32:00 PDT,-4.04571,3.79452,OFF,71.6798,OFF,0,69.4276
2000-08-09 11:33:00 PDT,-4.04571,3.79452,OFF,71.933,OFF,0,69.4433
2000-08-09 11:34:00 PDT,-4.04571,3.79452,OFF,72.1484,OFF,0,69.4594
2000-08-09 11:35:00 PDT,-4.04571,3.79452,OFF,72.333,OFF,0,69.4757
2000-08-09 11:36:00 PDT,-4.04571,3.79452,OFF,72.4924,OFF,0,69.4924
2000-08-09 11:37:00 PDT,-4.04571,3.79452,OFF,72.6313,OFF,0,69.5093
2000-08-09 11:38:00 PDT,-4.04571,3.79452,OFF,72.7533,OFF,0,69.5266
2000-08-09 11:39:00 PDT,-4.04571,3.79452,OFF,72.8617,OFF,0,69.5441
2000-08-09 11:40:00 PDT,-4.04571,3.79452,OFF,72.9588,OFF,0,69.562
2000-08-09 11:41:00 PDT,-4.04571,3.79452,OFF,73.0467,OFF,0,69.5801
2000-08-09 11:42:00 PDT,2.83827,3.80056,ON,73.1271,COOL,3.80056,69.5986
2000-08-09 11:43:00 PDT,2.83827,3.80056,ON,72.3677,COOL,3.80215,69.6173
2000-08-09 11:44:00 PDT,2.83827,3.80056,ON,71.728,COOL,3.80281,69.6364
2000-08-09 11:45:00 PDT,-3.37021,3.80281,ON,71.1862,COOL,3.80842,69.6557
2000-08-09 11:46:00 PDT,-5.29989,3.80842,OFF,70.7231,OFF,0,69.6754
2000-08-09 11:47:00 PDT,-5.29989,3.80842,OFF,71.1605,OFF,0,69.6953
2000-08-09 11:48:00 PDT,-5.29989,3.80842,OFF,71.5261,OFF,0,69.7156
2000-08-09 11:49:00 PDT,-5.29989,3.80842,OFF,71.833,OFF,0,69.7361
2000-08-09 11:50:00 PDT,-5.29989,3.80842,OFF,72.0919,OFF,0,69.757
2000-08-09 11:51:00 PDT,-5.29989,3.80842,OFF,72.3119,OFF,0,69.7781
2000-08-09 11:52:00 PDT,-5.29989,3.80842,OFF,72.4998,OFF,0,69.7996
2000-08-09 11:53:00 PDT,-5.29989,3.80842,OFF,72.6618,OFF,0,69.8213
2000-08-09 11:54:00 PDT,-5.29989,3.80842,OFF,72.8024,OFF,0,69.8434
2000-08-09 11:55:00 PDT,-5.29989,3.80842,OFF,72.9256,OFF,0,69.8657
2000-08-09 11:56:00 PDT,-5.29989,3.80842,OFF,73.0346,OFF,0,69.8884
2000-08-09 11:57:00 PDT,2.85038,3.8145,ON,73.1319,COOL,3.8145,69.9113
2000-08-09 11:58:00 PDT,2.85038,3.8145,ON,72.3838,COOL,3.81634,69.9346
2000-08-09 11:59:00 PDT,2.85038,3.8145,ON,71.7528,COOL,3.81583,69.9581
